Book Name,Price,Rating,Link
Fence: Disarmed,$10.10,4.5 out of 5 stars,https://www.amazon.com/gp/slredirect/picassoRedirect.html/ref=pa_sp_atf_aps_sr_pg1_1?ie=UTF8&adId=A06328921FUSBLW9STZE1&url=%2FFence-Disarmed-Sarah-Rees-Brennan%2Fdp%2F0316429872%2Fref%3Dsr_1_1_sspa%3Fkeywords%3Dgraphic%2Bnovel%2Bbooks%26qid%3D1639629605%26sr%3D8-1-spons%26psc%3D1&qualifier=1639629606&id=1391771855364711&widgetName=sp_atf
The Baby-sitters Club Graphic Novels #1-7: A Graphix Collection: Full-Color Edition (The Baby-Sitters Club Graphix),$45.96,4.9 out of 5 stars,https://www.amazon.com/Baby-Sitters-Club-Graphic-Novels-1-7/dp/1338603639/ref=sr_1_2?keywords=graphic+novel+books&qid=1639629605&sr=8-2
Miles Morales: Shock Waves (Original Spider-Man Graphic Novel),$11.04,4.9 out of 5 stars,https://www.amazon.com/Miles-Morales-Original-Spider-Man-Graphic/dp/1338648039/ref=sr_1_3?keywords=graphic+novel+books&qid=1639629605&sr=8-3
Besties: Work It Out (The World of Click),$10.99,4.9 out of 5 stars,https://www.amazon.com/Besties-Work-Out-World-Click/dp/0358561914/ref=sr_1_4?keywords=graphic+novel+books&qid=1639629605&sr=8-4
Heartstopper: Volume 4: A Graphic Novel (4),$12.49,4.9 out of 5 stars,https://www.amazon.com/Heartstopper-4-Graphic-Novel/dp/1338617559/ref=sr_1_5?keywords=graphic+novel+books&qid=1639629605&sr=8-5
Twins: A Graphic Novel (Twins #1) (1),$11.04,4.8 out of 5 stars,https://www.amazon.com/Twins-1-Varian-Johnson/dp/133823613X/ref=sr_1_6?keywords=graphic+novel+books&qid=1639629605&sr=8-6
Allergic: A Graphic Novel,$11.69,4.7 out of 5 stars,https://www.amazon.com/Allergic-Megan-Wagner-Lloyd/dp/1338568906/ref=sr_1_7?keywords=graphic+novel+books&qid=1639629605&sr=8-7
"Awkward (Berrybrook Middle School, 1)",$9.34,4.7 out of 5 stars,https://www.amazon.com/Awkward-Berrybrook-Middle-Svetlana-Chmakova/dp/0316381306/ref=sr_1_8?keywords=graphic+novel+books&qid=1639629605&sr=8-8
Clash (A Click Graphic Novel),$10.96,4.8 out of 5 stars,https://www.amazon.com/Clash-Click-Graphic-Novel-Miller/dp/0358242193/ref=sr_1_9?keywords=graphic+novel+books&qid=1639629605&sr=8-9
Click (A Click Graphic Novel),$8.17,4.8 out of 5 stars,https://www.amazon.com/Click-Kayla-Miller/dp/1328911128/ref=sr_1_10?keywords=graphic+novel+books&qid=1639629605&sr=8-10
Noise: A graphic novel based on a true story,$9.99,3.9 out of 5 stars,https://www.amazon.com/Noise-graphic-novel-based-story/dp/1793189536/ref=sr_1_11?keywords=graphic+novel+books&qid=1639629605&sr=8-11
The Last Kids on Earth: The Monster Box (books 1-3),$20.43,4.8 out of 5 stars,https://www.amazon.com/Last-Kids-Earth-Monster-Box/dp/0451481089/ref=sr_1_12?keywords=graphic+novel+books&qid=1639629605&sr=8-12
Guts: A Graphic Novel,$5.90,4.8 out of 5 stars,https://www.amazon.com/Guts-Raina-Telgemeier/dp/0545852501/ref=sr_1_13?keywords=graphic+novel+books&qid=1639629605&sr=8-13
Did You Hear What Eddie Gein Done?,$25.07,4.8 out of 5 stars,https://www.amazon.com/Hear-What-Eddie-Gein-Done/dp/1949889041/ref=sr_1_14?keywords=graphic+novel+books&qid=1639629605&sr=8-14
Wings of Fire: The Dark Secret: A Graphic Novel (Wings of Fire Graphic Novel #4) (4),$7.44,4.9 out of 5 stars,https://www.amazon.com/Dark-Secret-Wings-Graphic-Novel/dp/1338344218/ref=sr_1_15?keywords=graphic+novel+books&qid=1639629605&sr=8-15
Baby-sitters Little Sister Graphic Novels #1-4: A Graphix Collection (Adapted edition) (Baby-Sitters Little Sister Graphix),$31.79,5.0 out of 5 stars,https://www.amazon.com/Baby-sitters-Little-Sister-Graphic-Novels/dp/1338790927/ref=sr_1_16?keywords=graphic+novel+books&qid=1639629605&sr=8-16
The Iliad,$14.49,4.8 out of 5 stars,https://www.amazon.com/Iliad-Gareth-Hinds/dp/0763696633/ref=sr_1_17?keywords=graphic+novel+books&qid=1639629605&sr=8-17
V for Vendetta,$13.99,4.7 out of 5 stars,https://www.amazon.com/V-Vendetta-Alan-Moore/dp/1779511191/ref=sr_1_18?keywords=graphic+novel+books&qid=1639629605&sr=8-18
Act (A Click Graphic Novel),$11.04,4.8 out of 5 stars,https://www.amazon.com/Click-Graphic-Novel-Kayla-Miller/dp/0358206359/ref=sr_1_19?keywords=graphic+novel+books&qid=1639629605&sr=8-19
Wings of Fire: The Brightest Night: A Graphic Novel (Wings of Fire Graphic Novel #5) (Wings of Fire Graphix),$6.79,,https://www.amazon.com/Brightest-Night-Wings-Graphic-Novel/dp/1338730851/ref=sr_1_20?keywords=graphic+novel+books&qid=1639629605&sr=8-20
"Narwhal and Jelly Box Set (Books 1, 2, 3, AND Poster) (A Narwhal and Jelly Book)",$15.89,4.9 out of 5 stars,https://www.amazon.com/Narwhal-Jelly-Box-Books-Poster/dp/0735265917/ref=sr_1_21?keywords=graphic+novel+books&qid=1639629605&sr=8-21
Minecraft: Wither Without You (Graphic Novel),$7.90,4.7 out of 5 stars,https://www.amazon.com/Minecraft-Wither-Without-Graphic-Novel/dp/1506708358/ref=sr_1_22?keywords=graphic+novel+books&qid=1639629605&sr=8-22
Hilo: The Great Big Box (Books 1-6),$49.80,4.9 out of 5 stars,https://www.amazon.com/Hilo-Great-Big-Box-Books/dp/0593375351/ref=sr_1_23?keywords=graphic+novel+books&qid=1639629605&sr=8-23
Always Human,$14.99,4.9 out of 5 stars,https://www.amazon.com/Always-Human-Paperback-graphic-novel/dp/1499811098/ref=sr_1_24?keywords=graphic+novel+books&qid=1639629605&sr=8-24
"Primer (Primer, 1)",$8.39,4.8 out of 5 stars,https://www.amazon.com/Primer-Thomas-Krajewski/dp/1401296572/ref=sr_1_25?keywords=graphic+novel+books&qid=1639629605&sr=8-25
Turtle in Paradise: The Graphic Novel,$9.90,4.5 out of 5 stars,https://www.amazon.com/gp/slredirect/picassoRedirect.html/ref=pa_sp_mtf_aps_sr_pg1_1?ie=UTF8&adId=A0596323DCEPM38DCFMU&url=%2FTurtle-Paradise-Jennifer-L-Holm%2Fdp%2F0593126300%2Fref%3Dsr_1_26_sspa%3Fkeywords%3Dgraphic%2Bnovel%2Bbooks%26qid%3D1639629605%26sr%3D8-26-spons%26psc%3D1&qualifier=1639629606&id=1391771855364711&widgetName=sp_mtf
Real Pigeons Fight Crime (Book 1),$9.45,4.7 out of 5 stars,https://www.amazon.com/gp/slredirect/picassoRedirect.html/ref=pa_sp_mtf_aps_sr_pg1_1?ie=UTF8&adId=A012139726LP0ESUC5I0O&url=%2FReal-Pigeons-Fight-Crime-Book%2Fdp%2F0593119428%2Fref%3Dsr_1_27_sspa%3Fkeywords%3Dgraphic%2Bnovel%2Bbooks%26qid%3D1639629605%26sr%3D8-27-spons%26psc%3D1&qualifier=1639629606&id=1391771855364711&widgetName=sp_mtf
5 Worlds Book 1: The Sand Warrior,$8.80,4.8 out of 5 stars,https://www.amazon.com/gp/slredirect/picassoRedirect.html/ref=pa_sp_mtf_aps_sr_pg1_1?ie=UTF8&adId=A0122289XV30VBBL9P48&url=%2FWorlds-Book-Sand-Warrior%2Fdp%2F110193588X%2Fref%3Dsr_1_28_sspa%3Fkeywords%3Dgraphic%2Bnovel%2Bbooks%26qid%3D1639629605%26sr%3D8-28-spons%26psc%3D1&qualifier=1639629606&id=1391771855364711&widgetName=sp_mtf
Anne of Green Gables: A Graphic Novel,$9.89,4.8 out of 5 stars,https://www.amazon.com/Anne-Green-Gables-Graphic-Novel/dp/144947960X/ref=sr_1_29?keywords=graphic+novel+books&qid=1639629605&sr=8-29
New Kid,$8.64,4.7 out of 5 stars,https://www.amazon.com/New-Kid-Jerry-Craft/dp/0062691198/ref=sr_1_30?keywords=graphic+novel+books&qid=1639629605&sr=8-30
Karen's Worst Day: A Graphic Novel (Baby-sitters Little Sister #3) (Adapted edition) (3) (Baby-Sitters Little Sister Graphix),$6.57,4.8 out of 5 stars,https://www.amazon.com/Karens-Baby-sitters-Graphic-Baby-Sitters-Graphix/dp/1338356186/ref=sr_1_31?keywords=graphic+novel+books&qid=1639629605&sr=8-31
Camp (A Click Graphic Novel),$10.66,4.8 out of 5 stars,https://www.amazon.com/Camp-Kayla-Miller/dp/1328530825/ref=sr_1_32?keywords=graphic+novel+books&qid=1639629605&sr=8-32
Karen's Witch (Baby-sitters Little Sister Graphic Novels),$6.70,4.8 out of 5 stars,https://www.amazon.com/Karens-Baby-sitters-Little-Sister-Graphic/dp/1338315196/ref=sr_1_33?keywords=graphic+novel+books&qid=1639629605&sr=8-33
Cat Kid Comic Club: Perspectives: A Graphic Novel (Cat Kid Comic Club #2): From the Creator of Dog Man,$8.62,4.8 out of 5 stars,https://www.amazon.com/Cat-Kid-Comic-Club-Perspectives/dp/1338784854/ref=sr_1_34?keywords=graphic+novel+books&qid=1639629605&sr=8-34
I Survived Graphic Novels #1-4: A Graphix Collection,$32.96,4.9 out of 5 stars,https://www.amazon.com/Survived-Graphic-Novels-1-4-Collection/dp/1338787918/ref=sr_1_35?keywords=graphic+novel+books&qid=1639629605&sr=8-35
The Girl from the Sea: A Graphic Novel,$12.99,4.8 out of 5 stars,https://www.amazon.com/Girl-Sea-Molly-Knox-Ostertag/dp/1338540572/ref=sr_1_36?keywords=graphic+novel+books&qid=1639629605&sr=8-36
The Secret Garden: A Graphic Novel,$10.79,4.7 out of 5 stars,https://www.amazon.com/Secret-Garden-Graphic-Novel/dp/1524858153/ref=sr_1_37?keywords=graphic+novel+books&qid=1639629605&sr=8-37
Logan Likes Mary Anne!: A Graphic Novel (The Baby-sitters Club #8) (8) (The Baby-Sitters Club Graphic Novels),$6.47,4.8 out of 5 stars,https://www.amazon.com/Logan-Likes-Baby-Sitters-Graphic-Novels/dp/1338304542/ref=sr_1_38?keywords=graphic+novel+books&qid=1639629605&sr=8-38
Claudia and the New Girl: A Graphic Novel (The Baby-sitters Club #9) (9) (The Baby-Sitters Club Graphix),$10.18,4.8 out of 5 stars,https://www.amazon.com/Claudia-Baby-sitters-Graphic-Baby-Sitters-Graphix/dp/1338304577/ref=sr_1_39?keywords=graphic+novel+books&qid=1639629605&sr=8-39
Spectacular Stories for Curious Kids: A Fascinating Collection of True Stories to Inspire & Amaze Young Readers,$9.99,4.7 out of 5 stars,https://www.amazon.com/Spectacular-Stories-Curious-Kids-Fascinating/dp/1953429130/ref=sr_1_40?keywords=graphic+novel+books&qid=1639629605&sr=8-40
The Isle of the Lost: The Graphic Novel (A Descendants Novel) (The Descendants),$11.99,4.6 out of 5 stars,https://www.amazon.com/Isle-Lost-Graphic-Novel-Descendants/dp/1368040519/ref=sr_1_41?keywords=graphic+novel+books&qid=1639629605&sr=8-41
Kristy and the Snobs: A Graphic Novel (The Baby-sitters Club #10) (The Baby-Sitters Club Graphix),$8.64,4.8 out of 5 stars,https://www.amazon.com/Kristy-Snobs-Graphic-Baby-sitters-Baby-Sitters/dp/1338304607/ref=sr_1_42?keywords=graphic+novel+books&qid=1639629605&sr=8-42
"The Baby-Sitters Club Graphic Novels, Books 1-10 Set (Graphix)",$89.96,4.8 out of 5 stars,https://www.amazon.com/Baby-Sitters-Graphic-Novels-Books-Graphix/dp/1338751816/ref=sr_1_43?keywords=graphic+novel+books&qid=1639629605&sr=8-43
Grass,$22.59,4.8 out of 5 stars,https://www.amazon.com/Grass-Keum-Suk-Gendry-Kim/dp/1770463623/ref=sr_1_44?keywords=graphic+novel+books&qid=1639629605&sr=8-44
Warriors: Winds of Change (Warriors Graphic Novel),$11.04,4.8 out of 5 stars,https://www.amazon.com/Warriors-Winds-Change-Graphic-Novel/dp/0063043238/ref=sr_1_45?keywords=graphic+novel+books&qid=1639629605&sr=8-45
Click 4 Book Boxed Set A Click Graphic Novel,$36.05,4.8 out of 5 stars,https://www.amazon.com/Click-4-Book-Boxed-Graphic-Novel/dp/0358566142/ref=sr_1_46?keywords=graphic+novel+books&qid=1639629605&sr=8-46
Murder Book: A Graphic Memoir of a True Crime Obsession,$17.99,4.3 out of 5 stars,https://www.amazon.com/Murder-Book-Graphic-Memoir-Obsession/dp/1524861162/ref=sr_1_47?keywords=graphic+novel+books&qid=1639629605&sr=8-47
"DUNE: The Graphic Novel, Book 2: Muad’Dib",$24.99,,https://www.amazon.com/DUNE-Graphic-Novel-Book-MuadDib/dp/1419749463/ref=sr_1_48?keywords=graphic+novel+books&qid=1639629605&sr=8-48
Avatar: The Last Airbender--Smoke and Shadow Omnibus,$18.24,4.5 out of 5 stars,https://www.amazon.com/Avatar-Last-Airbender-Smoke-Shadow-Omnibus/dp/1506721680/ref=sr_1_49?keywords=graphic+novel+books&qid=1639629605&sr=8-49
Karen's Roller Skates (Baby-sitters Little Sister Graphic Novel #2): A Graphix Book (Baby-Sitters Little Sister Graphix),$6.00,4.8 out of 5 stars,https://www.amazon.com/Karens-Roller-Skates-Baby-sitters-Graphic/dp/1338356143/ref=sr_1_50?keywords=graphic+novel+books&qid=1639629605&sr=8-50
Wings of Fire: The Dragonet Prophecy: A Graphic Novel (Wings of Fire Graphic Novel #1): The Graphic Novel (1),$11.04,4.9 out of 5 stars,https://www.amazon.com/Graphix-Book-Graphic-Dragonet-Prophecy/dp/0545942152/ref=sr_1_51?keywords=graphic+novel+books&qid=1639629605&sr=8-51
"Wings of Fire Box Set, The Jade Mountain Prophecy (Books 6-10)",$34.14,4.9 out of 5 stars,https://www.amazon.com/Wings-Fire-Mountain-Prophecy-Books/dp/1338598899/ref=sr_1_52?keywords=graphic+novel+books&qid=1639629605&sr=8-52
Kitty Quest,$11.69,4.8 out of 5 stars,https://www.amazon.com/gp/slredirect/picassoRedirect.html/ref=pa_sp_btf_aps_sr_pg1_1?ie=UTF8&adId=A078622836Q1WNWTKVRR8&url=%2FKitty-Quest-Phil-Corbett%2Fdp%2F0593205464%2Fref%3Dsr_1_53_sspa%3Fkeywords%3Dgraphic%2Bnovel%2Bbooks%26qid%3D1639629605%26sr%3D8-53-spons%26psc%3D1&qualifier=1639629606&id=1391771855364711&widgetName=sp_btf
White Bird: A Wonder Story (A Graphic Novel),$15.99,4.7 out of 5 stars,https://www.amazon.com/gp/slredirect/picassoRedirect.html/ref=pa_sp_btf_aps_sr_pg1_1?ie=UTF8&adId=A039285626PTIPNC30MYE&url=%2FWhite-Bird-R-J-Palacio%2Fdp%2F0525645535%2Fref%3Dsr_1_54_sspa%3Fkeywords%3Dgraphic%2Bnovel%2Bbooks%26qid%3D1639629605%26sr%3D8-54-spons%26psc%3D1&qualifier=1639629606&id=1391771855364711&widgetName=sp_btf
The Sun Is Also a Star,$10.83,4.6 out of 5 stars,https://www.amazon.com/gp/slredirect/picassoRedirect.html/ref=pa_sp_btf_aps_sr_pg1_1?ie=UTF8&adId=A088024933T2GMGXAR1OI&url=%2FSun-Also-Star-Nicola-Yoon%2Fdp%2F0553496719%2Fref%3Dsr_1_55_sspa%3Fkeywords%3Dgraphic%2Bnovel%2Bbooks%26qid%3D1639629605%26sr%3D8-55-spons%26psc%3D1&qualifier=1639629606&id=1391771855364711&widgetName=sp_btf
Trapped in TikTok: An Epic Adventure,$6.95,4.2 out of 5 stars,https://www.amazon.com/gp/slredirect/picassoRedirect.html/ref=pa_sp_btf_aps_sr_pg1_1?ie=UTF8&adId=A0001754VS2UGXR1ZNYV&url=%2FTrapped-TikTok-Quirky-Viral-Media%2Fdp%2F1736765051%2Fref%3Dsr_1_56_sspa%3Fkeywords%3Dgraphic%2Bnovel%2Bbooks%26qid%3D1639629605%26sr%3D8-56-spons%26psc%3D1&qualifier=1639629606&id=1391771855364711&widgetName=sp_btf
"The Golden Compass Graphic Novel, Complete Edition (His Dark Materials)",$10.99,4.6 out of 5 stars,https://www.amazon.com/gp/slredirect/picassoRedirect.html/ref=pa_sp_btf_aps_sr_pg1_1?ie=UTF8&adId=A038550012AHEESDOM938&url=%2FGolden-Compass-Graphic-Complete-Materials%2Fdp%2F055353517X%2Fref%3Dsr_1_57_sspa%3Fkeywords%3Dgraphic%2Bnovel%2Bbooks%26qid%3D1639629605%26sr%3D8-57-spons%26psc%3D1&qualifier=1639629606&id=1391771855364711&widgetName=sp_btf
"Blank Comic Book for Kids: Draw Your Own Comic Book, Make Your Own Comic Book, Sketch Book for Kids (Blank Story Books)",$5.99,4.7 out of 5 stars,https://www.amazon.com/gp/slredirect/picassoRedirect.html/ref=pa_sp_btf_aps_sr_pg1_1?ie=UTF8&adId=A0379644135799NWFNFX7&url=%2FBlank-Comic-Book-Kids-Sketch%2Fdp%2F1777375312%2Fref%3Dsr_1_58_sspa%3Fkeywords%3Dgraphic%2Bnovel%2Bbooks%26qid%3D1639629605%26sr%3D8-58-spons%26psc%3D1&qualifier=1639629606&id=1391771855364711&widgetName=sp_btf
Fun Riddles & Trick Questions For Kids and Family: 300 Riddles and Brain Teasers That Kids and Family Will Enjoy - Ages 7-9 8-12 (Riddles for Kids),$9.97,4.5 out of 5 stars,https://www.amazon.com/gp/slredirect/picassoRedirect.html/ref=pa_sp_atf_next_aps_sr_pg2_1?ie=UTF8&adId=A01504131VMOWXI8F22PU&url=%2FRiddles-Trick-Questions-Kids-Family%2Fdp%2F1731062982%2Fref%3Dsr_1_49_sspa%3Fkeywords%3Dgraphic%2Bnovel%2Bbooks%26qid%3D1639629608%26sr%3D8-49-spons%26psc%3D1&qualifier=1639629608&id=8169994721056137&widgetName=sp_atf_next
With Jesus I Give: An inspiring Christian Christmas children book about the true meaning of this holiday season,$11.95,4.7 out of 5 stars,https://www.amazon.com/gp/slredirect/picassoRedirect.html/ref=pa_sp_atf_next_aps_sr_pg2_1?ie=UTF8&adId=A008487021YHQ0KW9HQ0V&url=%2FJesus-Give-inspiring-Christian-Christmas%2Fdp%2F1777432626%2Fref%3Dsr_1_50_sspa%3Fkeywords%3Dgraphic%2Bnovel%2Bbooks%26qid%3D1639629608%26sr%3D8-50-spons%26psc%3D1&qualifier=1639629608&id=8169994721056137&widgetName=sp_atf_next
"Star Wars Character Encyclopedia, New Edition",$14.99,4.8 out of 5 stars,https://www.amazon.com/gp/slredirect/picassoRedirect.html/ref=pa_sp_atf_next_aps_sr_pg2_1?ie=UTF8&adId=A015775821FSI8CTDYU0H&url=%2FStar-Wars-Character-Encyclopedia-New%2Fdp%2F1465485309%2Fref%3Dsr_1_51_sspa%3Fkeywords%3Dgraphic%2Bnovel%2Bbooks%26qid%3D1639629608%26sr%3D8-51-spons%26psc%3D1&qualifier=1639629608&id=8169994721056137&widgetName=sp_atf_next
Hilo Book 5: Then Everything Went Wrong,$12.52,4.9 out of 5 stars,https://www.amazon.com/gp/slredirect/picassoRedirect.html/ref=pa_sp_atf_next_aps_sr_pg2_1?ie=UTF8&adId=A01149333IPYU8RWKVKYT&url=%2FHilo-Book-Then-Everything-Wrong%2Fdp%2F1524714968%2Fref%3Dsr_1_52_sspa%3Fkeywords%3Dgraphic%2Bnovel%2Bbooks%26qid%3D1639629608%26sr%3D8-52-spons%26psc%3D1&qualifier=1639629608&id=8169994721056137&widgetName=sp_atf_next
Pawcasso,$13.49,4.6 out of 5 stars,https://www.amazon.com/Pawcasso-Remy-Lai/dp/1250774497/ref=sr_1_53?keywords=graphic+novel+books&qid=1639629608&sr=8-53
Karen's Kittycat Club: A Graphic Novel (Baby-sitters Little Sister #4) (Adapted edition) (4) (Baby-Sitters Little Sister Graphix),$9.34,4.8 out of 5 stars,https://www.amazon.com/Kittycat-Baby-sitters-Graphic-Adapted-Baby-Sitters/dp/1338356216/ref=sr_1_54?keywords=graphic+novel+books&qid=1639629608&sr=8-54
"Friends Forever (Friends, 3)",$9.27,4.7 out of 5 stars,https://www.amazon.com/Friends-Forever-3-Shannon-Hale/dp/1250317568/ref=sr_1_55?keywords=graphic+novel+books&qid=1639629608&sr=8-55
The Fourth Closet: An AFK Book (Five Nights at Freddy's Graphic Novel #3),$10.39,,https://www.amazon.com/Fourth-Closet-Nights-Freddys-Graphic/dp/1338741160/ref=sr_1_56?keywords=graphic+novel+books&qid=1639629608&sr=8-56
On Tyranny Graphic Edition: Twenty Lessons from the Twentieth Century,$14.49,4.8 out of 5 stars,https://www.amazon.com/Tyranny-Graphic-Lessons-Twentieth-Century/dp/1984859153/ref=sr_1_57?keywords=graphic+novel+books&qid=1639629608&sr=8-57
"DUNE: The Graphic Novel, Book 1: Dune: Book 1 (Volume 1)",$19.99,4.7 out of 5 stars,https://www.amazon.com/DUNE-Graphic-Novel-Book-Dune/dp/1419731505/ref=sr_1_58?keywords=graphic+novel+books&qid=1639629608&sr=8-58
Create Your Own Graphic Novel: A Guide for Kids: Write and Draw Your Own Book,$9.99,4.7 out of 5 stars,https://www.amazon.com/Create-Your-Own-Graphic-Novel/dp/1647399076/ref=sr_1_59?keywords=graphic+novel+books&qid=1639629608&sr=8-59
The Lost Heir (Wings of Fire Graphic Novel),$11.04,4.9 out of 5 stars,https://www.amazon.com/Lost-Heir-Wings-Graphic-Novel/dp/0545942209/ref=sr_1_60?keywords=graphic+novel+books&qid=1639629608&sr=8-60
"Good-bye Stacey, Good-bye: A Graphic Novel (The Baby-sitters Club #11) (Adapted edition) (The Baby-Sitters Club Graphix)",$10.99,,https://www.amazon.com/Good-bye-Stacey-Baby-Sitters-Graphic-Novel/dp/1338616048/ref=sr_1_61?keywords=graphic+novel+books&qid=1639629608&sr=8-61
"I Survived The Sinking of the Titanic, 1912 (I Survived Graphic Novels)",$6.94,4.8 out of 5 stars,https://www.amazon.com/Survived-Sinking-Titanic-Graphic-Novel/dp/1338120913/ref=sr_1_62?keywords=graphic+novel+books&qid=1639629608&sr=8-62
Boy-Crazy Stacey: A Graphic Novel (The Baby-sitters Club #7) (7) (The Baby-Sitters Club Graphic Novels),$6.57,4.8 out of 5 stars,https://www.amazon.com/Boy-Crazy-Stacey-Baby-Sitters-Graphic-Novel/dp/1338304518/ref=sr_1_63?keywords=graphic+novel+books&qid=1639629608&sr=8-63
The Twisted Ones: An AFK Book (Five Nights at Freddy's Graphic Novel #2) (2),$10.34,4.8 out of 5 stars,https://www.amazon.com/Twisted-Nights-Freddys-Graphic-Novel/dp/133862976X/ref=sr_1_64?keywords=graphic+novel+books&qid=1639629608&sr=8-64
"The Sea of Monsters: The Graphic Novel (Percy Jackson and the Olympians, Book 2) (Percy Jackson & the Olympians)",$8.49,4.7 out of 5 stars,https://www.amazon.com/Sea-Monsters-Percy-Jackson-Olympians/dp/142314550X/ref=sr_1_65?keywords=graphic+novel+books&qid=1639629608&sr=8-65
Mary Anne Saves the Day (The Baby-Sitters Club Graphic Novel #3): A Graphix Book (Revised edition): Full-Color Edition (3) (The Baby-Sitters Club Graphix),$7.04,4.8 out of 5 stars,https://www.amazon.com/Mary-Anne-Saves-Day-Baby-Sitters/dp/054588621X/ref=sr_1_66?keywords=graphic+novel+books&qid=1639629608&sr=8-66
The Incal Vol. 1: The Black Incal,$0.00,4.7 out of 5 stars,https://www.amazon.com/Incal-Vol-Black-ebook/dp/B00SVE70MI/ref=sr_1_67?keywords=graphic+novel+books&qid=1639629608&sr=8-67
Minecraft: Stories from the Overworld (Graphic Novel),$11.08,4.7 out of 5 stars,https://www.amazon.com/Minecraft-Stories-Overworld-Graphic-Novel/dp/1506708331/ref=sr_1_68?keywords=graphic+novel+books&qid=1639629608&sr=8-68
The Truth About Stacey (The Baby-Sitters Club Graphic Novel #2): A Graphix Book (Revised edition): Full-Color Edition (2) (The Baby-Sitters Club Graphix),$8.99,4.8 out of 5 stars,https://www.amazon.com/Truth-About-Stacey-Full-Color-Baby-Sitters/dp/0545813891/ref=sr_1_69?keywords=graphic+novel+books&qid=1639629608&sr=8-69
Wings of Fire #1-#4: A Graphic Novel Box Set (Wings of Fire Graphic Novels #1-#4),$36.37,4.9 out of 5 stars,https://www.amazon.com/Wings-Fire-Graphix-Box-Books/dp/1338796879/ref=sr_1_70?keywords=graphic+novel+books&qid=1639629608&sr=8-70
Hooky,$10.78,4.8 out of 5 stars,https://www.amazon.com/Hooky-M%C3%ADriam-Bonastre-Tur/dp/0358468299/ref=sr_1_71?keywords=graphic+novel+books&qid=1639629608&sr=8-71
"My Hero Academia, Vol. 28 (28)",$9.99,4.9 out of 5 stars,https://www.amazon.com/My-Hero-Academia-Vol-28/dp/1974722880/ref=sr_1_72?keywords=graphic+novel+books&qid=1639629608&sr=8-72
Sheets (1),$10.99,4.5 out of 5 stars,https://www.amazon.com/Sheets-Brenna-Thummler/dp/194130267X/ref=sr_1_73?keywords=graphic+novel+books&qid=1639629608&sr=8-73
"Pippa Park Raises Her Game (Pippa Park, 1)",$8.99,4.7 out of 5 stars,https://www.amazon.com/Pippa-Park-Raises-Her-Game/dp/1944020284/ref=sr_1_74?keywords=graphic+novel+books&qid=1639629608&sr=8-74
Tools of the Ancient Greeks: A Kid's Guide to the History & Science of Life in Ancient Greece (Build It Yourself),$15.01,4.7 out of 5 stars,https://www.amazon.com/Tools-Ancient-Greeks-History-Yourself/dp/0974934461/ref=sr_1_75?keywords=graphic+novel+books&qid=1639629608&sr=8-75
Minecraft Volume 2 (Graphic Novel),$7.89,4.7 out of 5 stars,https://www.amazon.com/Minecraft-Graphic-Novel-Sfe-Monster/dp/1506708366/ref=sr_1_76?keywords=graphic+novel+books&qid=1639629608&sr=8-76
Hilo: The Great Big Box (Books 1-6),$49.80,4.9 out of 5 stars,https://www.amazon.com/gp/slredirect/picassoRedirect.html/ref=pa_sp_mtf_aps_sr_pg2_1?ie=UTF8&adId=A01228131F3NNYXO19OL&url=%2FHilo-Great-Big-Box-Books%2Fdp%2F0593375351%2Fref%3Dsr_1_77_sspa%3Fkeywords%3Dgraphic%2Bnovel%2Bbooks%26qid%3D1639629608%26sr%3D8-77-spons%26psc%3D1&qualifier=1639629608&id=8169994721056137&widgetName=sp_mtf
"The Fantastic Flatulent Fart Brothers' Big Book of Snotty Facts: An Illustrated Guide to the Science, History, and Pleasures of Mucus; US edition (The Fart Brothers’ Fun Facts)",$7.99,4.6 out of 5 stars,https://www.amazon.com/gp/slredirect/picassoRedirect.html/ref=pa_sp_mtf_aps_sr_pg2_1?ie=UTF8&adId=A0178231301LA692Q2D2R&url=%2FFantastic-Flatulent-Brothers-Snotty-Facts%2Fdp%2F962786644X%2Fref%3Dsr_1_78_sspa%3Fkeywords%3Dgraphic%2Bnovel%2Bbooks%26qid%3D1639629608%26sr%3D8-78-spons%26psc%3D1&qualifier=1639629608&id=8169994721056137&widgetName=sp_mtf
The Fantastic Flatulent Fart Brothers Save the World!: A Comedy Thriller Adventure that Truly Stinks (Humorous action book for preteen kids age 9-12); ... Flatulent Fart Brothers; Us Edition),$7.99,4.5 out of 5 stars,https://www.amazon.com/gp/slredirect/picassoRedirect.html/ref=pa_sp_mtf_aps_sr_pg2_1?ie=UTF8&adId=A06946352645XSKH0KQ2R&url=%2FFantastic-Flatulent-Fart-Brothers-World%2Fdp%2F962786627X%2Fref%3Dsr_1_79_sspa%3Fkeywords%3Dgraphic%2Bnovel%2Bbooks%26qid%3D1639629608%26sr%3D8-79-spons%26psc%3D1&qualifier=1639629608&id=8169994721056137&widgetName=sp_mtf
Kristy's Big Day: A Graphic Novel (The Baby-sitters Club #6) (Full-Color Edition) (6) (The Baby-Sitters Club Graphic Novels),$9.16,4.8 out of 5 stars,https://www.amazon.com/Kristys-Big-Baby-Sitters-Club-Graphix/dp/1338067613/ref=sr_1_80?keywords=graphic+novel+books&qid=1639629608&sr=8-80
Making Friends: Third Time's a Charm: A Graphic Novel (Making Friends #3) (3),$11.49,4.5 out of 5 stars,https://www.amazon.com/Making-Friends-Third-Times-Charm/dp/1338630792/ref=sr_1_81?keywords=graphic+novel+books&qid=1639629608&sr=8-81
5 Worlds Book 1: The Sand Warrior,$8.80,4.8 out of 5 stars,https://www.amazon.com/Worlds-Book-Sand-Warrior/dp/110193588X/ref=sr_1_82?keywords=graphic+novel+books&qid=1639629608&sr=8-82
Sunny Makes a Splash: A Graphic Novel (Sunny #4) (4),$10.99,4.8 out of 5 stars,https://www.amazon.com/Sunny-Makes-Splash-Jennifer-Holm/dp/1338233173/ref=sr_1_83?keywords=graphic+novel+books&qid=1639629608&sr=8-83
Snapdragon,$11.59,4.8 out of 5 stars,https://www.amazon.com/Snapdragon-Kat-Leyh/dp/1250171113/ref=sr_1_84?keywords=graphic+novel+books&qid=1639629608&sr=8-84
Shy Ninja,$12.99,4.9 out of 5 stars,https://www.amazon.com/Shy-Ninja-Ricardo-Sanchez/dp/1643378635/ref=sr_1_85?keywords=graphic+novel+books&qid=1639629608&sr=8-85
"The Adventure Zone Boxed Set: Here There Be Gerblins, Murder on the Rockport Limited! and Petals to the Metal",$31.13,4.9 out of 5 stars,https://www.amazon.com/Adventure-Zone-Boxed-Set-Gerblins/dp/1250269458/ref=sr_1_86?keywords=graphic+novel+books&qid=1639629608&sr=8-86
Teen Titans: Beast Boy Loves Raven,$10.73,4.9 out of 5 stars,https://www.amazon.com/Teen-Titans-Beast-Loves-Raven/dp/1779503865/ref=sr_1_87?keywords=graphic+novel+books&qid=1639629608&sr=8-87
"The Opal Deception: Artemis Fowl, Book 4",$0.00,4.7 out of 5 stars,https://www.amazon.com/The-Opal-Deception-Eoin-Colfer-audiobook/dp/B0009IW7B8/ref=sr_1_88?keywords=graphic+novel+books&qid=1639629608&sr=8-88
"The Titan's Curse: The Graphic Novel (Percy Jackson and the Olympians Series, Book 3)",$11.23,4.7 out of 5 stars,https://www.amazon.com/Titans-Curse-Percy-Jackson-Olympians/dp/1423145518/ref=sr_1_89?keywords=graphic+novel+books&qid=1639629608&sr=8-89
The Complete American Gods (Graphic Novel),$111.37,4.8 out of 5 stars,https://www.amazon.com/Complete-American-Gods-Graphic-Novel/dp/1506720765/ref=sr_1_90?keywords=graphic+novel+books&qid=1639629608&sr=8-90
Absolute Multiversity,$99.99,,https://www.amazon.com/Absolute-Multiversity-Grant-Morrison/dp/1779515618/ref=sr_1_91?keywords=graphic+novel+books&qid=1639629608&sr=8-91
Karen's School Picture: A Graphic Novel (Baby-sitters Little Sister #5) (Adapted edition) (Baby-Sitters Little Sister Graphix),$9.89,,https://www.amazon.com/Karens-School-Picture-Baby-sitters-Baby-Sitters/dp/1338762516/ref=sr_1_92?keywords=graphic+novel+books&qid=1639629608&sr=8-92
I Survived the Shark Attacks of 1916 (I Survived Graphic Novels),$9.21,4.9 out of 5 stars,https://www.amazon.com/Survived-Shark-Attacks-Graphic-Novels/dp/1338120948/ref=sr_1_93?keywords=graphic+novel+books&qid=1639629608&sr=8-93
Kristy's Great Idea: A Graphic Novel (The Baby-sitters Club #1) (Revised edition): Full-Color Edition (1) (The Baby-Sitters Club Graphix),$6.85,4.8 out of 5 stars,https://www.amazon.com/Kristys-Great-Idea-Full-Color-Baby-Sitters/dp/0545813875/ref=sr_1_94?keywords=graphic+novel+books&qid=1639629608&sr=8-94
"The Serpent's Shadow (The Kane Chronicles, Book 3)",$15.74,4.8 out of 5 stars,https://www.amazon.com/Serpents-Shadow-Kane-Chronicles-Book/dp/1423140575/ref=sr_1_95?keywords=graphic+novel+books&qid=1639629608&sr=8-95
"Once & Future Book One Deluxe Edition Slipcover (Once & Future, 1)",$77.09,5.0 out of 5 stars,https://www.amazon.com/Once-Future-Book-Deluxe-Slipcover/dp/1684158273/ref=sr_1_96?keywords=graphic+novel+books&qid=1639629608&sr=8-96
"I Survived the Attacks of September 11, 2001: A Graphic Novel (I Survived Graphic Novel #4) (4) (I Survived Graphic Novels)",$9.33,4.8 out of 5 stars,https://www.amazon.com/Survived-Attacks-September-Graphic-Novels/dp/133868048X/ref=sr_1_97?keywords=graphic+novel+books&qid=1639629608&sr=8-97
"Jacky Ha-Ha: My Life is a Joke (A Graphic Novel) (Jacky Ha-Ha, 2)",$10.38,4.8 out of 5 stars,https://www.amazon.com/Jacky-Ha-Ha-Life-Graphic-Novel/dp/0316497894/ref=sr_1_98?keywords=graphic+novel+books&qid=1639629608&sr=8-98
Measuring Up,$11.49,4.8 out of 5 stars,https://www.amazon.com/Measuring-Up-Lily-LaMotte/dp/006297386X/ref=sr_1_99?keywords=graphic+novel+books&qid=1639629608&sr=8-99
The Knight at Dawn Graphic Novel (Magic Tree House (R)),$8.48,5.0 out of 5 stars,https://www.amazon.com/Knight-Graphic-Novel-Magic-House/dp/0593174755/ref=sr_1_100?keywords=graphic+novel+books&qid=1639629608&sr=8-100
Passport,$16.19,3.6 out of 5 stars,https://www.amazon.com/Passport-Sophia-Glock/dp/0316459003/ref=sr_1_101?keywords=graphic+novel+books&qid=1639629608&sr=8-101
"Adventure Girls!: Crafts and Activities for Curious, Creative, Courageous Girls (Adventure Crafts for Kids)",$10.94,4.7 out of 5 stars,https://www.amazon.com/Adventure-Girls-Activities-Creative-Courageous/dp/1641527420/ref=sr_1_102?keywords=graphic+novel+books&qid=1639629608&sr=8-102
Bad Sister,$11.65,5.0 out of 5 stars,https://www.amazon.com/Bad-Sister-Charise-Mericle-Harper/dp/1250219051/ref=sr_1_103?keywords=graphic+novel+books&qid=1639629608&sr=8-103
"Greek Myths: Meet the heroes, gods, and monsters of ancient Greece",$14.79,4.8 out of 5 stars,https://www.amazon.com/gp/slredirect/picassoRedirect.html/ref=pa_sp_btf_aps_sr_pg2_1?ie=UTF8&adId=A10436322HLOVF6SIJKW2&url=%2FGreek-Myths-heroes-monsters-ancient%2Fdp%2F1465491538%2Fref%3Dsr_1_104_sspa%3Fkeywords%3Dgraphic%2Bnovel%2Bbooks%26qid%3D1639629608%26sr%3D8-104-spons%26psc%3D1&qualifier=1639629608&id=8169994721056137&widgetName=sp_btf
Where's My Joey?: A Heartwarming Bedtime Story for Children of All Ages,$12.99,4.5 out of 5 stars,https://www.amazon.com/gp/slredirect/picassoRedirect.html/ref=pa_sp_btf_aps_sr_pg2_1?ie=UTF8&adId=A01138701FU6NTXPMHZUF&url=%2FWheres-My-Joey-Heartwarming-Children%2Fdp%2F1777378907%2Fref%3Dsr_1_105_sspa%3Fkeywords%3Dgraphic%2Bnovel%2Bbooks%26qid%3D1639629608%26sr%3D8-105-spons%26psc%3D1&qualifier=1639629608&id=8169994721056137&widgetName=sp_btf
The Ghost Ninja of Hong Kong Island,$12.50,4.8 out of 5 stars,https://www.amazon.com/gp/slredirect/picassoRedirect.html/ref=pa_sp_atf_next_aps_sr_pg3_1?ie=UTF8&adId=A0079429146NPXV11DN5J&url=%2FGhost-Ninja-Hong-Kong-Island%2Fdp%2FB09GZKRQHJ%2Fref%3Dsr_1_97_sspa%3Fkeywords%3Dgraphic%2Bnovel%2Bbooks%26qid%3D1639629610%26sr%3D8-97-spons%26psc%3D1&qualifier=1639629610&id=5143705064645668&widgetName=sp_atf_next
"My Hockey Season: A journal of my skills, my games, and my memories",$9.79,4.6 out of 5 stars,https://www.amazon.com/gp/slredirect/picassoRedirect.html/ref=pa_sp_atf_next_aps_sr_pg3_1?ie=UTF8&adId=A00621693OICAS3JE1ZOW&url=%2FMy-Hockey-Season-journal-memories%2Fdp%2F1724508326%2Fref%3Dsr_1_98_sspa%3Fkeywords%3Dgraphic%2Bnovel%2Bbooks%26qid%3D1639629610%26sr%3D8-98-spons%26psc%3D1&qualifier=1639629610&id=5143705064645668&widgetName=sp_atf_next
Hilo: Out-of-This-World Boxed Set,$29.37,4.9 out of 5 stars,https://www.amazon.com/gp/slredirect/picassoRedirect.html/ref=pa_sp_atf_next_aps_sr_pg3_1?ie=UTF8&adId=A00912572PWLAR4C1DKSV&url=%2FHilo-Out-This-World-Boxed-Set%2Fdp%2F1984848585%2Fref%3Dsr_1_99_sspa%3Fkeywords%3Dgraphic%2Bnovel%2Bbooks%26qid%3D1639629610%26sr%3D8-99-spons%26psc%3D1&qualifier=1639629610&id=5143705064645668&widgetName=sp_atf_next
Where is Claris? In Paris: A Look and Find Book,$12.89,4.8 out of 5 stars,https://www.amazon.com/gp/slredirect/picassoRedirect.html/ref=pa_sp_atf_next_aps_sr_pg3_1?ie=UTF8&adId=A01519592XQN9NBVP9DJC&url=%2FWhere-Claris-Paris-Look-Find%2Fdp%2F1760504947%2Fref%3Dsr_1_100_sspa%3Fkeywords%3Dgraphic%2Bnovel%2Bbooks%26qid%3D1639629610%26sr%3D8-100-spons%26psc%3D1&qualifier=1639629610&id=5143705064645668&widgetName=sp_atf_next
Pizza-Man Be Yourself,$9.99,4.6 out of 5 stars,https://www.amazon.com/Pizza-Man-Be-Yourself-Vladimir-Gluzman/dp/B0884CJN1L/ref=sr_1_101?keywords=graphic+novel+books&qid=1639629610&sr=8-101
Batman: Last Knight on Earth,$15.69,4.7 out of 5 stars,https://www.amazon.com/Batman-Knight-Earth-Scott-Snyder/dp/1401294960/ref=sr_1_102?keywords=graphic+novel+books&qid=1639629610&sr=8-102
Teen Titans: Beast Boy,$9.43,4.9 out of 5 stars,https://www.amazon.com/Teen-Titans-Beast-Kami-Garcia/dp/1401287190/ref=sr_1_103?keywords=graphic+novel+books&qid=1639629610&sr=8-103
Halo Graphic Novel (New Edition),$16.24,5.0 out of 5 stars,https://www.amazon.com/Halo-Graphic-Novel-New-Hammock/dp/1506725872/ref=sr_1_104?keywords=graphic+novel+books&qid=1639629610&sr=8-104
The Last Kids on Earth: Thrilling Tales from the Tree House,$9.77,4.8 out of 5 stars,https://www.amazon.com/Last-Kids-Earth-Thrilling-Tales/dp/0593350065/ref=sr_1_105?keywords=graphic+novel+books&qid=1639629610&sr=8-105
The Crossover (Graphic Novel) (The Crossover Series),$7.99,4.7 out of 5 stars,https://www.amazon.com/Crossover-Graphic-Novel/dp/1328575497/ref=sr_1_106?keywords=graphic+novel+books&qid=1639629610&sr=8-106
March (Trilogy Slipcase Set),$27.49,4.9 out of 5 stars,https://www.amazon.com/March-Trilogy-Slipcase-John-Lewis/dp/1603093958/ref=sr_1_107?keywords=graphic+novel+books&qid=1639629610&sr=8-107
"Percy Jackson and the Olympians The Battle of the Labyrinth: The Graphic Novel (Percy Jackson and the Olympians) (Percy Jackson & the Olympians, 4)",$8.39,4.8 out of 5 stars,https://www.amazon.com/Percy-Jackson-Olympians-Battle-Labyrinth/dp/1484786394/ref=sr_1_108?keywords=graphic+novel+books&qid=1639629610&sr=8-108
Magic Tree House Graphic Novels 1-2 Boxed Set (Magic Tree House (R)),$18.98,5.0 out of 5 stars,https://www.amazon.com/Magic-House-Graphic-Novels-Boxed/dp/0593434749/ref=sr_1_109?keywords=graphic+novel+books&qid=1639629610&sr=8-109
,,,
"Vying For The Throne: New Manga-Vol.3 ""World's-End-Harem Fantasia""",$0.00,5.0 out of 5 stars,https://www.amazon.com/Vying-Throne-Manga-Vol-3-Worlds-End-Harem-Fantasia-ebook/dp/B09NGLJ1DK/ref=sr_1_111?keywords=graphic+novel+books&qid=1639629610&sr=8-111
Star Wars Legends: Boba Fett - Blood Ties,$25.43,5.0 out of 5 stars,https://www.amazon.com/Star-Wars-Legends-Boba-Blood/dp/1302932128/ref=sr_1_112?keywords=graphic+novel+books&qid=1639629610&sr=8-112
The Pilgrim's Progress : A Poetic Retelling of John Bunyan’s Classic Tale,$17.79,4.9 out of 5 stars,https://www.amazon.com/Pilgrims-Progress-Retelling-Bunyans-Classic/dp/0736979484/ref=sr_1_113?keywords=graphic+novel+books&qid=1639629610&sr=8-113
Teen Titans GO! Box Set,$28.33,4.8 out of 5 stars,https://www.amazon.com/Teen-Titans-GO-Box-Set/dp/1401283594/ref=sr_1_114?keywords=graphic+novel+books&qid=1639629610&sr=8-114
The Mystery of the Haunted House (Sycamore Street Mysteries),$5.99,4.6 out of 5 stars,https://www.amazon.com/Mystery-Haunted-Sycamore-Street-Mysteries/dp/1393566707/ref=sr_1_115?keywords=graphic+novel+books&qid=1639629610&sr=8-115
The Last Stand of the Tin Can Sailors: The Extraordinary World War II Story of the U.S. Navy's Finest Hour,$15.07,4.8 out of 5 stars,https://www.amazon.com/Last-Stand-Tin-Sailors-Extraordinary/dp/0553381482/ref=sr_1_116?keywords=graphic+novel+books&qid=1639629610&sr=8-116
Wake: The Hidden History of Women-Led Slave Revolts,$19.48,4.6 out of 5 stars,https://www.amazon.com/Wake-Hidden-History-Women-Led-Revolts/dp/1982115181/ref=sr_1_117?keywords=graphic+novel+books&qid=1639629610&sr=8-117
"Never EVER Race a Reindeer: A Funny Rhyming, Read Aloud Picture Book",$11.99,4.2 out of 5 stars,https://www.amazon.com/Never-EVER-Race-Reindeer-Rhyming/dp/1637312865/ref=sr_1_118?keywords=graphic+novel+books&qid=1639629610&sr=8-118
Manu: A Graphic Novel,$11.49,4.5 out of 5 stars,https://www.amazon.com/Manu-Graphic-Novel-Kelly-Fern%C3%A1ndez/dp/1338264184/ref=sr_1_119?keywords=graphic+novel+books&qid=1639629610&sr=8-119
Katie the Catsitter,$11.04,4.8 out of 5 stars,https://www.amazon.com/Katie-Catsitter-Colleen-AF-Venable/dp/198489563X/ref=sr_1_120?keywords=graphic+novel+books&qid=1639629610&sr=8-120
Ultimate Sticker Collection: Marvel Studios: With more than 1000 stickers,$9.81,4.7 out of 5 stars,https://www.amazon.com/Ultimate-Sticker-Collection-Studios-stickers/dp/1465478868/ref=sr_1_121?keywords=graphic+novel+books&qid=1639629610&sr=8-121
"Best Friends (Friends, 2)",$8.21,4.8 out of 5 stars,https://www.amazon.com/Best-Friends-Shannon-Hale/dp/1250317460/ref=sr_1_122?keywords=graphic+novel+books&qid=1639629610&sr=8-122
"Compass South: A Graphic Novel (Four Points, Book 1) (Four Points, 1)",$10.29,4.8 out of 5 stars,https://www.amazon.com/Compass-South-Graphic-Novel-Points/dp/1250121841/ref=sr_1_123?keywords=graphic+novel+books&qid=1639629610&sr=8-123
"I Survived the Nazi Invasion, 1944: A Graphic Novel (I Survived Graphic Novel #3) (3) (I Survived Graphic Novels)",$9.99,4.8 out of 5 stars,https://www.amazon.com/Survived-Nazi-Invasion-Graphic-Novel/dp/1338666371/ref=sr_1_124?keywords=graphic+novel+books&qid=1639629610&sr=8-124
The Hockey Game Is On !: The Polar Bears vs The Thunderbirds ! (Sports Action Kids Books),$12.99,4.4 out of 5 stars,https://www.amazon.com/gp/slredirect/picassoRedirect.html/ref=pa_sp_mtf_aps_sr_pg3_1?ie=UTF8&adId=A048935310IGY64V7JQP6&url=%2FHockey-Game-Thunderbirds-Sports-Action%2Fdp%2F1777183707%2Fref%3Dsr_1_125_sspa%3Fkeywords%3Dgraphic%2Bnovel%2Bbooks%26qid%3D1639629610%26sr%3D8-125-spons%26psc%3D1&qualifier=1639629610&id=5143705064645668&widgetName=sp_mtf
I Can Use an I Statement: I Am a Problem Solver Series,$11.99,4.7 out of 5 stars,https://www.amazon.com/gp/slredirect/picassoRedirect.html/ref=pa_sp_mtf_aps_sr_pg3_1?ie=UTF8&adId=A03908621ZE2XE9J4IFQO&url=%2FCan-Use-Statement-Problem-Solver%2Fdp%2F0578707446%2Fref%3Dsr_1_126_sspa%3Fkeywords%3Dgraphic%2Bnovel%2Bbooks%26qid%3D1639629610%26sr%3D8-126-spons%26psc%3D1&qualifier=1639629610&id=5143705064645668&widgetName=sp_mtf
The Secret Garden,$8.25,4.7 out of 5 stars,https://www.amazon.com/gp/slredirect/picassoRedirect.html/ref=pa_sp_mtf_aps_sr_pg3_1?ie=UTF8&adId=A0259898215O4LIX2PVEP&url=%2FSecret-Garden-Frances-Hodgson-Burnett%2Fdp%2F1657855376%2Fref%3Dsr_1_127_sspa%3Fkeywords%3Dgraphic%2Bnovel%2Bbooks%26qid%3D1639629610%26sr%3D8-127-spons%26psc%3D1&qualifier=1639629610&id=5143705064645668&widgetName=sp_mtf
The Brightest Night (Wings of Fire #5) (5),$6.79,4.9 out of 5 stars,https://www.amazon.com/Wings-Fire-Book-Five-Brightest/dp/0545349273/ref=sr_1_128?keywords=graphic+novel+books&qid=1639629610&sr=8-128
Teen Titans: Raven,$8.15,4.8 out of 5 stars,https://www.amazon.com/Teen-Titans-Raven-Kami-Garcia/dp/1401286232/ref=sr_1_129?keywords=graphic+novel+books&qid=1639629610&sr=8-129
Rebel Girls Champions: 25 Tales of Unstoppable Athletes,$8.99,4.8 out of 5 stars,https://www.amazon.com/Rebel-Girls-Champions-Unstoppable-Athletes/dp/1953424082/ref=sr_1_130?keywords=graphic+novel+books&qid=1639629610&sr=8-130
Amulet #1-8 Box Set,$62.99,4.9 out of 5 stars,https://www.amazon.com/Amulet-1-8-Box-Kazu-Kibuishi/dp/1338328182/ref=sr_1_131?keywords=graphic+novel+books&qid=1639629610&sr=8-131
Playing Dirty: The Complete Collection of Erotic Short Stories,$0.00,,https://www.amazon.com/Playing-Dirty-Complete-Collection-Stories-ebook/dp/B09NGCF3GQ/ref=sr_1_132?keywords=graphic+novel+books&qid=1639629610&sr=8-132
"Sapiens: A Graphic History, Volume 2: The Pillars of Civilization (Sapiens: A Graphic History, 2)",$19.17,3.8 out of 5 stars,https://www.amazon.com/Sapiens-Graphic-History-Pillars-Civilization/dp/0063212234/ref=sr_1_133?keywords=graphic+novel+books&qid=1639629610&sr=8-133
Dinosaurs Before Dark Graphic Novel (Magic Tree House (R)),$7.98,4.8 out of 5 stars,https://www.amazon.com/Dinosaurs-Before-Graphic-Novel-Magic/dp/0593174712/ref=sr_1_134?keywords=graphic+novel+books&qid=1639629610&sr=8-134
Rick and Morty The Graphic Novel Collection Volumes 1 - 10 Books Collection Box Set,$74.99,4.5 out of 5 stars,https://www.amazon.com/Morty-Graphic-Novel-Collection-Volumes/dp/9124135755/ref=sr_1_135?keywords=graphic+novel+books&qid=1639629610&sr=8-135
Sonic The Hedgehog 30th Anniversary Celebration The Deluxe Edition,$16.99,4.8 out of 5 stars,https://www.amazon.com/Sonic-Hedgehog-30th-Anniversary-Celebration/dp/1684058651/ref=sr_1_136?keywords=graphic+novel+books&qid=1639629610&sr=8-136
Stray Dogs,$14.45,4.7 out of 5 stars,https://www.amazon.com/Stray-Dogs-Tony-Fleecs/dp/1534319832/ref=sr_1_137?keywords=graphic+novel+books&qid=1639629610&sr=8-137
Stepping Stones: (A Graphic Novel) (Peapod Farm),$8.32,4.8 out of 5 stars,https://www.amazon.com/Stepping-Stones-Peapod-Farm-Knisley/dp/1984896849/ref=sr_1_138?keywords=graphic+novel+books&qid=1639629610&sr=8-138
Lore Olympus: Volume Two,$25.19,,https://www.amazon.com/Lore-Olympus-Two-Rachel-Smythe/dp/0593160304/ref=sr_1_139?keywords=graphic+novel+books&qid=1639629610&sr=8-139
Teenage Mutant Ninja Turtles: The IDW Collection Volume 1 (TMNT IDW Collection),$39.44,4.8 out of 5 stars,https://www.amazon.com/Teenage-Mutant-Ninja-Turtles-Collection/dp/1631401114/ref=sr_1_140?keywords=graphic+novel+books&qid=1639629610&sr=8-140
Coraline Graphic Novel,$16.99,4.8 out of 5 stars,https://www.amazon.com/Coraline-Graphic-Novel-Neil-Gaiman/dp/006082543X/ref=sr_1_141?keywords=graphic+novel+books&qid=1639629610&sr=8-141
Junior High Drama: A Graphic Novel,$10.90,4.6 out of 5 stars,https://www.amazon.com/Junior-High-Drama-Graphic-Novel/dp/1496547128/ref=sr_1_142?keywords=graphic+novel+books&qid=1639629610&sr=8-142
Drama: A Graphic Novel,$7.99,4.7 out of 5 stars,https://www.amazon.com/Drama-Raina-Telgemeier-ebook/dp/B00J417G2G/ref=sr_1_143?keywords=graphic+novel+books&qid=1639629610&sr=8-143
Squad,$12.99,4.5 out of 5 stars,https://www.amazon.com/Squad-Maggie-Tokuda-Hall/dp/0062943146/ref=sr_1_144?keywords=graphic+novel+books&qid=1639629610&sr=8-144
The Phantom of the Opera - Official Graphic Novel (Phantom of the Opera Collection),$29.99,,https://www.amazon.com/Phantom-Opera-Collection-Cavan-Scott/dp/1787731901/ref=sr_1_145?keywords=graphic+novel+books&qid=1639629610&sr=8-145
Claudia and Mean Janine: A Graphic Novel (The Baby-sitters Club #4) (Revised edition): Full-Color Edition (4) (The Baby-Sitters Club Graphix),$8.83,4.8 out of 5 stars,https://www.amazon.com/Claudia-Janine-Baby-Sitters-Graphic-Novel/dp/0545886228/ref=sr_1_146?keywords=graphic+novel+books&qid=1639629610&sr=8-146
Avatar: The Last Airbender--The Search Omnibus,$19.99,4.9 out of 5 stars,https://www.amazon.com/Avatar-Last-Airbender-Search-Omnibus/dp/1506721729/ref=sr_1_147?keywords=graphic+novel+books&qid=1639629610&sr=8-147
Long Distance,$12.49,4.6 out of 5 stars,https://www.amazon.com/Long-Distance-Whitney-Gardner/dp/1534455655/ref=sr_1_148?keywords=graphic+novel+books&qid=1639629610&sr=8-148
Bone: The Complete Cartoon Epic in One Volume,$35.95,4.8 out of 5 stars,https://www.amazon.com/Bone-Complete-Cartoon-Epic-One/dp/188896314X/ref=sr_1_149?keywords=graphic+novel+books&qid=1639629610&sr=8-149
They Called Us Enemy,$13.40,4.8 out of 5 stars,https://www.amazon.com/They-Called-Enemy-George-Takei/dp/1603094504/ref=sr_1_150?keywords=graphic+novel+books&qid=1639629610&sr=8-150
Space Platypus: Attack of the Space Pirates,$0.00,5.0 out of 5 stars,https://www.amazon.com/Space-Platypus-Attack-Pirates-ebook/dp/B09NK973WT/ref=sr_1_151?keywords=graphic+novel+books&qid=1639629610&sr=8-151
The Pajama Zoo Parade: The Funniest Bedtime ABC Book (Cozy Reading Nook),$12.94,4.7 out of 5 stars,https://www.amazon.com/gp/slredirect/picassoRedirect.html/ref=pa_sp_btf_aps_sr_pg3_1?ie=UTF8&adId=A003628613JWY1FDVNWV8&url=%2FPajama-Zoo-Parade-Funniest-Bedtime%2Fdp%2F1070371416%2Fref%3Dsr_1_152_sspa%3Fkeywords%3Dgraphic%2Bnovel%2Bbooks%26qid%3D1639629610%26sr%3D8-152-spons%26psc%3D1&qualifier=1639629610&id=5143705064645668&widgetName=sp_btf
Jane the Astronaut: The Mystery of the Alien Dragons,$9.99,4.6 out of 5 stars,https://www.amazon.com/gp/slredirect/picassoRedirect.html/ref=pa_sp_btf_aps_sr_pg3_1?ie=UTF8&adId=A10118162UJX9346EQ2C9&url=%2FJane-Astronaut-Mystery-Alien-Dragons%2Fdp%2F1735665819%2Fref%3Dsr_1_153_sspa%3Fkeywords%3Dgraphic%2Bnovel%2Bbooks%26qid%3D1639629610%26sr%3D8-153-spons%26psc%3D1&qualifier=1639629610&id=5143705064645668&widgetName=sp_btf
The Maze Runner Series Complete Collection Boxed Set (5-Book),$28.16,4.7 out of 5 stars,https://www.amazon.com/gp/slredirect/picassoRedirect.html/ref=pa_sp_atf_next_aps_sr_pg4_1?ie=UTF8&adId=A088014920O8P5ZHOKP6H&url=%2FRunner-Complete-Collection-Boxed-5-Book%2Fdp%2F1524771031%2Fref%3Dsr_1_145_sspa%3Fkeywords%3Dgraphic%2Bnovel%2Bbooks%26qid%3D1639629612%26sr%3D8-145-spons%26psc%3D1&qualifier=1639629612&id=696778964046943&widgetName=sp_atf_next
Shy Ninja,$12.99,4.9 out of 5 stars,https://www.amazon.com/gp/slredirect/picassoRedirect.html/ref=pa_sp_atf_next_aps_sr_pg4_1?ie=UTF8&adId=A082126115ATIVTLAYW9J&url=%2FShy-Ninja-Ricardo-Sanchez%2Fdp%2F1643378635%2Fref%3Dsr_1_146_sspa%3Fkeywords%3Dgraphic%2Bnovel%2Bbooks%26qid%3D1639629612%26sr%3D8-146-spons%26psc%3D1&qualifier=1639629612&id=696778964046943&widgetName=sp_atf_next
The Mystery of the Haunted House (Sycamore Street Mysteries),$5.99,4.6 out of 5 stars,https://www.amazon.com/gp/slredirect/picassoRedirect.html/ref=pa_sp_atf_next_aps_sr_pg4_1?ie=UTF8&adId=A09416001IPGDOJF17DGM&url=%2FMystery-Haunted-Sycamore-Street-Mysteries%2Fdp%2F1393566707%2Fref%3Dsr_1_147_sspa%3Fkeywords%3Dgraphic%2Bnovel%2Bbooks%26qid%3D1639629612%26sr%3D8-147-spons%26psc%3D1&qualifier=1639629612&id=696778964046943&widgetName=sp_atf_next
The Football Game Is On !: The Wildcats vs. The Mustangs (Sports Action Kids Books),$14.99,4.0 out of 5 stars,https://www.amazon.com/gp/slredirect/picassoRedirect.html/ref=pa_sp_atf_next_aps_sr_pg4_1?ie=UTF8&adId=A04895093UIJXFHZ5BUIA&url=%2FFootball-Game-Wildcats-Mustangs-Sports%2Fdp%2F177717418X%2Fref%3Dsr_1_148_sspa%3Fkeywords%3Dgraphic%2Bnovel%2Bbooks%26qid%3D1639629612%26sr%3D8-148-spons%26psc%3D1&qualifier=1639629612&id=696778964046943&widgetName=sp_atf_next
"Rise of the Isle of the Lost (A Descendants Novel, Book 3): A Descendants Novel (The Descendants, 3)",$8.89,4.8 out of 5 stars,https://www.amazon.com/Rise-Isle-Lost-Descendants-Novel/dp/1368028314/ref=sr_1_149?keywords=graphic+novel+books&qid=1639629612&sr=8-149
Mooncakes,$13.98,4.6 out of 5 stars,https://www.amazon.com/Mooncakes-Suzanne-Walker/dp/154930304X/ref=sr_1_150?keywords=graphic+novel+books&qid=1639629612&sr=8-150
Batman: Noel,$16.24,4.8 out of 5 stars,https://www.amazon.com/Batman-Noel-Lee-Bermejo/dp/1779513259/ref=sr_1_151?keywords=graphic+novel+books&qid=1639629612&sr=8-151
Sublime: $5 at the Door,$22.49,4.9 out of 5 stars,https://www.amazon.com/Sublime-at-Door-Ryan-Cady/dp/1940878713/ref=sr_1_152?keywords=graphic+novel+books&qid=1639629612&sr=8-152
"Hilda Graphic Novels, 5-Book Set",$56.90,4.9 out of 5 stars,https://www.amazon.com/Hilda-Graphic-Novels-5-Book-Set/dp/B084C297V3/ref=sr_1_153?keywords=graphic+novel+books&qid=1639629612&sr=8-153
Stranger Things Library Edition Volume 1,$35.99,4.8 out of 5 stars,https://www.amazon.com/Stranger-Things-Library-Jody-Houser/dp/150672762X/ref=sr_1_154?keywords=graphic+novel+books&qid=1639629612&sr=8-154
Bubble,$14.49,4.7 out of 5 stars,https://www.amazon.com/Bubble-Jordan-Morris/dp/1250245567/ref=sr_1_155?keywords=graphic+novel+books&qid=1639629612&sr=8-155
Otto: A Palindrama,$9.99,5.0 out of 5 stars,https://www.amazon.com/Otto-Palindrama-Jon-Agee/dp/0147513499/ref=sr_1_156?keywords=graphic+novel+books&qid=1639629612&sr=8-156
The Epic Bible: God’s Story from Eden to Eternity,$22.99,4.9 out of 5 stars,https://www.amazon.com/Epic-Bible-Gods-Story-Eternity/dp/1414396678/ref=sr_1_157?keywords=graphic+novel+books&qid=1639629612&sr=8-157
The Graveyard Book Graphic Novel Single Volume,$16.49,4.8 out of 5 stars,https://www.amazon.com/Graveyard-Book-Graphic-Novel-Single/dp/0062421891/ref=sr_1_158?keywords=graphic+novel+books&qid=1639629612&sr=8-158
"Meg, Jo, Beth, and Amy: A Modern Graphic Retelling of Little Women (Classic Graphic Remix, 1)",$9.14,4.6 out of 5 stars,https://www.amazon.com/Meg-Jo-Beth-Amy-Retelling/dp/0316522880/ref=sr_1_159?keywords=graphic+novel+books&qid=1639629612&sr=8-159
Batman '89,$24.99,4.6 out of 5 stars,https://www.amazon.com/Batman-89-Sam-Hamm/dp/1779512686/ref=sr_1_160?keywords=graphic+novel+books&qid=1639629612&sr=8-160
Godzilla: World of Monsters,$29.99,4.6 out of 5 stars,https://www.amazon.com/Godzilla-World-Monsters-John-Layman/dp/1684058309/ref=sr_1_161?keywords=graphic+novel+books&qid=1639629612&sr=8-161
The Black Panther Party: A Graphic Novel History,$11.69,4.9 out of 5 stars,https://www.amazon.com/Black-Panther-Party-Graphic-History/dp/1984857703/ref=sr_1_162?keywords=graphic+novel+books&qid=1639629612&sr=8-162
Spotlight Soccer (Sports Illustrated Kids Graphic Novels),$5.95,4.8 out of 5 stars,https://www.amazon.com/Spotlight-Soccer-Sports-Illustrated-Graphic/dp/1434291820/ref=sr_1_163?keywords=graphic+novel+books&qid=1639629612&sr=8-163
Cartoon Network Graphic Novel Gift Set,$29.99,4.8 out of 5 stars,https://www.amazon.com/Cartoon-Network-Graphic-Novel-Gift/dp/1684154286/ref=sr_1_164?keywords=graphic+novel+books&qid=1639629612&sr=8-164
The Art of War,$7.68,4.5 out of 5 stars,https://www.amazon.com/Art-War-Sun-Tzu/dp/1590302257/ref=sr_1_165?keywords=graphic+novel+books&qid=1639629612&sr=8-165
"Friends: The Series Boxed Set: Real Friends, Best Friends, Friends Forever",$29.97,3.5 out of 5 stars,https://www.amazon.com/Friends-Boxed-Real-Best-Forever/dp/1250836727/ref=sr_1_166?keywords=graphic+novel+books&qid=1639629612&sr=8-166
Clifford the Big Red Dog: The Movie Graphic Novel,$8.99,5.0 out of 5 stars,https://www.amazon.com/Clifford-Big-Red-Dog-Graphic/dp/1338665103/ref=sr_1_167?keywords=graphic+novel+books&qid=1639629612&sr=8-167
Definitely Nat: A Graphic Novel Box Set (Nat Enough #1-3),$34.97,5.0 out of 5 stars,https://www.amazon.com/Definitely-Nat-Enough-Collection-1-3/dp/1338794620/ref=sr_1_168?keywords=graphic+novel+books&qid=1639629612&sr=8-168
The Hidden Kingdom (Wings of Fire Graphic Novel #3): A Graphix Book,$11.10,4.9 out of 5 stars,https://www.amazon.com/Hidden-Kingdom-Wings-Graphic-Novel/dp/1338344056/ref=sr_1_169?keywords=graphic+novel+books&qid=1639629612&sr=8-169
Monsters,$25.96,4.7 out of 5 stars,https://www.amazon.com/Monsters-Barry-Windsor-Smith/dp/1683964152/ref=sr_1_170?keywords=graphic+novel+books&qid=1639629612&sr=8-170
"AFTER: The Graphic Novel (Volume One) (After, 1)",$18.99,,https://www.amazon.com/AFTER-Graphic-Novel-One-After/dp/1990259545/ref=sr_1_171?keywords=graphic+novel+books&qid=1639629612&sr=8-171
Marvel Action: Spider-Man: A New Beginning (Book One),$9.99,4.8 out of 5 stars,https://www.amazon.com/Marvel-Action-Spider-Man-Beginning-Book/dp/1684055148/ref=sr_1_172?keywords=graphic+novel+books&qid=1639629612&sr=8-172
The Cat with the Crooked Tail: A Dance-It-Out Creative Movement Story for Young Movers (Dance-It-Out! Creative Movement Stories for Young Movers),$7.48,4.5 out of 5 stars,https://www.amazon.com/gp/slredirect/picassoRedirect.html/ref=pa_sp_mtf_aps_sr_pg4_1?ie=UTF8&adId=A09132283NSJ3ARR5S3XB&url=%2FCat-Crooked-Tail-Dance-Out%2Fdp%2F1955555044%2Fref%3Dsr_1_173_sspa%3Fkeywords%3Dgraphic%2Bnovel%2Bbooks%26qid%3D1639629612%26sr%3D8-173-spons%26psc%3D1&qualifier=1639629612&id=696778964046943&widgetName=sp_mtf
"I Escaped The Salem Witch Trials: Salem, Massachusetts 1692",$8.99,4.6 out of 5 stars,https://www.amazon.com/gp/slredirect/picassoRedirect.html/ref=pa_sp_mtf_aps_sr_pg4_1?ie=UTF8&adId=A056160818LVG5AFN5CPS&url=%2FEscaped-Salem-Witch-Trials-Massachusetts%2Fdp%2F1951019172%2Fref%3Dsr_1_174_sspa%3Fkeywords%3Dgraphic%2Bnovel%2Bbooks%26qid%3D1639629612%26sr%3D8-174-spons%26psc%3D1&qualifier=1639629612&id=696778964046943&widgetName=sp_mtf
Configured: Book #1 in The Configured Trilogy,$13.99,4.5 out of 5 stars,https://www.amazon.com/gp/slredirect/picassoRedirect.html/ref=pa_sp_mtf_aps_sr_pg4_1?ie=UTF8&adId=A042477911BQUMW7WEY7J&url=%2FConfigured-Book-Trilogy-Jenetta-Penner%2Fdp%2F1548114308%2Fref%3Dsr_1_175_sspa%3Fkeywords%3Dgraphic%2Bnovel%2Bbooks%26qid%3D1639629612%26sr%3D8-175-spons%26psc%3D1&qualifier=1639629612&id=696778964046943&widgetName=sp_mtf
Stranger Things: The Other Side (Graphic Novel),$14.38,4.8 out of 5 stars,https://www.amazon.com/Stranger-Things-Other-Graphic-Novel/dp/1506709761/ref=sr_1_176?keywords=graphic+novel+books&qid=1639629612&sr=8-176
Eden 2: Aftermath,$17.99,4.8 out of 5 stars,https://www.amazon.com/Eden-2-Aftermath-John-Cooper/dp/1940878438/ref=sr_1_177?keywords=graphic+novel+books&qid=1639629612&sr=8-177
Stranger Things and Dungeons & Dragons (Graphic Novel),$15.38,4.7 out of 5 stars,https://www.amazon.com/Stranger-Things-Dungeons-Dragons-Houser/dp/1506721079/ref=sr_1_178?keywords=graphic+novel+books&qid=1639629612&sr=8-178
Ice Nine Kills: Inked in Blood,$18.49,4.9 out of 5 stars,https://www.amazon.com/Ice-Nine-Kills-Inked-Blood/dp/1940878535/ref=sr_1_179?keywords=graphic+novel+books&qid=1639629612&sr=8-179
Diana: Princess of the Amazons (Wonder Woman),$8.48,4.8 out of 5 stars,https://www.amazon.com/Diana-Princess-Amazons-Shannon-Hale/dp/1401291112/ref=sr_1_180?keywords=graphic+novel+books&qid=1639629612&sr=8-180
Jukebox,$11.50,4.1 out of 5 stars,https://www.amazon.com/Jukebox-Nidhi-Chanani/dp/1250156378/ref=sr_1_181?keywords=graphic+novel+books&qid=1639629612&sr=8-181
The Runaway Family Raw,$0.00,,https://www.amazon.com/Runaway-Family-Raw-Serious-ebook/dp/B09NDYNVBK/ref=sr_1_182?keywords=graphic+novel+books&qid=1639629612&sr=8-182
,,,
The Silver Eyes (Five Nights at Freddy's Graphic Novel #1),$8.70,4.7 out of 5 stars,https://www.amazon.com/Silver-Nights-Freddys-Graphic-Novel/dp/1338298488/ref=sr_1_184?keywords=graphic+novel+books&qid=1639629612&sr=8-184
"Olympians Boxed Set Books 7-12: Ares, Apollo, Artemis, Hermes, Hephaistos, and Dionysos",$75.20,,https://www.amazon.com/Olympians-Boxed-Set-Books-7-12/dp/125084181X/ref=sr_1_185?keywords=graphic+novel+books&qid=1639629612&sr=8-185
Hilda and the Troll: Hilda Book 1 (Hildafolk),$10.99,4.8 out of 5 stars,https://www.amazon.com/Hilda-Troll-Book-1-Hildafolk/dp/1909263788/ref=sr_1_186?keywords=graphic+novel+books&qid=1639629612&sr=8-186
,,,
The Adventures of Tom Sawyer (Bantam Classics),$3.79,4.5 out of 5 stars,https://www.amazon.com/Adventures-Tom-Sawyer-Bantam-Classics/dp/0553211285/ref=sr_1_188?keywords=graphic+novel+books&qid=1639629612&sr=8-188
"Moon Rising (Wings of Fire, Book 6)",$6.89,4.9 out of 5 stars,https://www.amazon.com/Moon-Rising-Wings-Fire-Book/dp/0545685362/ref=sr_1_189?keywords=graphic+novel+books&qid=1639629612&sr=8-189
"Real Friends (Friends, 1)",$8.14,4.7 out of 5 stars,https://www.amazon.com/Real-Friends-Shannon-Hale/dp/1626727856/ref=sr_1_190?keywords=graphic+novel+books&qid=1639629612&sr=8-190
Smile: A Graphic Novel,$10.34,4.8 out of 5 stars,https://www.amazon.com/Smile-Raina-Telgemeier/dp/1338740261/ref=sr_1_191?keywords=graphic+novel+books&qid=1639629612&sr=8-191
Queer: A Graphic History,$17.69,4.7 out of 5 stars,https://www.amazon.com/Queer-Graphic-Dr-Meg-John-Barker/dp/1785780719/ref=sr_1_192?keywords=graphic+novel+books&qid=1639629612&sr=8-192
"The Secret Garden on 81st Street: A Modern Graphic Retelling of The Secret Garden (Classic Graphic Remix, 2)",$10.99,4.8 out of 5 stars,https://www.amazon.com/Secret-Garden-81st-Street-Retelling/dp/0316459704/ref=sr_1_193?keywords=graphic+novel+books&qid=1639629612&sr=8-193
Walking on the Ceiling Comic - When the Laws of Physics Went Bananas: INTERACTIVE COMIC: Read This Comic & Write Your Own Story After ! (Comics Interrupted),$17.98,,https://www.amazon.com/Walking-Ceiling-Comic-INTERACTIVE-Interrupted/dp/1734018852/ref=sr_1_194?keywords=graphic+novel+books&qid=1639629612&sr=8-194
Daytripper,$19.99,4.7 out of 5 stars,https://www.amazon.com/Daytripper-Gabriel-Ba/dp/1401229697/ref=sr_1_195?keywords=graphic+novel+books&qid=1639629612&sr=8-195
"Watchmen, Deluxe Edition",$22.09,4.9 out of 5 stars,https://www.amazon.com/Watchmen-Deluxe-Alan-Moore/dp/1401238963/ref=sr_1_196?keywords=graphic+novel+books&qid=1639629612&sr=8-196
Long Way Down: The Graphic Novel,$10.99,4.8 out of 5 stars,https://www.amazon.com/Long-Way-Down-Graphic-Novel/dp/1534444955/ref=sr_1_197?keywords=graphic+novel+books&qid=1639629612&sr=8-197
Kindred: A Graphic Novel Adaptation,$12.99,4.7 out of 5 stars,https://www.amazon.com/Kindred-Graphic-Adaptation-Damian-Duffy/dp/1419728555/ref=sr_1_198?keywords=graphic+novel+books&qid=1639629612&sr=8-198
Alice's Adventures in Wonderland illustrated edition,$3.99,4.4 out of 5 stars,https://www.amazon.com/Alices-Adventures-Wonderland-illustrated-Carroll-ebook/dp/B09NDHQX6V/ref=sr_1_199?keywords=graphic+novel+books&qid=1639629612&sr=8-199
"You are an Amazing Girl: A Collection of Inspiring Stories about Courage, Friendship, Inner Strength and Self-Confidence",$11.90,4.6 out of 5 stars,https://www.amazon.com/gp/slredirect/picassoRedirect.html/ref=pa_sp_btf_aps_sr_pg4_1?ie=UTF8&adId=A02333752WR6XSYOUE6X8&url=%2FYou-are-Amazing-Girl-Self-Confidence%2Fdp%2FB09LB1QFP6%2Fref%3Dsr_1_200_sspa%3Fkeywords%3Dgraphic%2Bnovel%2Bbooks%26qid%3D1639629612%26sr%3D8-200-spons%26psc%3D1&qualifier=1639629612&id=696778964046943&widgetName=sp_btf
"Select Your Superpower: You Save The World, Adventure #1",$9.99,3.9 out of 5 stars,https://www.amazon.com/gp/slredirect/picassoRedirect.html/ref=pa_sp_btf_aps_sr_pg4_1?ie=UTF8&adId=A01821923NWVFJ7RKHDAS&url=%2FSelect-Your-Superpower-World-Adventure%2Fdp%2F1733477535%2Fref%3Dsr_1_201_sspa%3Fkeywords%3Dgraphic%2Bnovel%2Bbooks%26qid%3D1639629612%26sr%3D8-201-spons%26psc%3D1&qualifier=1639629612&id=696778964046943&widgetName=sp_btf
"Marked (The Ilenian Enigma, Book 1): An Epic Fantasy Action Adventure",$0.00,4.3 out of 5 stars,https://www.amazon.com/gp/slredirect/picassoRedirect.html/ref=pa_sp_atf_next_aps_sr_pg5_1?ie=UTF8&adId=A06018281WITL0MWY45TH&url=%2FMarked-Ilenian-Enigma-Book-Adventure-ebook%2Fdp%2FB01CKUHKPK%2Fref%3Dsr_1_193_sspa%3Fkeywords%3Dgraphic%2Bnovel%2Bbooks%26qid%3D1639629615%26sr%3D8-193-spons%26psc%3D1&qualifier=1639629615&id=3091159321096599&widgetName=sp_atf_next
Claris: The Chicest Mouse in Paris,$15.99,4.8 out of 5 stars,https://www.amazon.com/gp/slredirect/picassoRedirect.html/ref=pa_sp_atf_next_aps_sr_pg5_1?ie=UTF8&adId=A015313129CVVL7F7OI78&url=%2FClaris-Chicest-Mouse-Megan-Hess%2Fdp%2F1760502596%2Fref%3Dsr_1_194_sspa%3Fkeywords%3Dgraphic%2Bnovel%2Bbooks%26qid%3D1639629615%26sr%3D8-194-spons%26psc%3D1&qualifier=1639629615&id=3091159321096599&widgetName=sp_atf_next
Walking on the Ceiling Comic - When the Laws of Physics Went Bananas: INTERACTIVE COMIC: Read This Comic & Write Your Own Story After ! (Comics Interrupted),$17.98,,https://www.amazon.com/gp/slredirect/picassoRedirect.html/ref=pa_sp_atf_next_aps_sr_pg5_1?ie=UTF8&adId=A06323261V8JUTG5PNXQ8&url=%2FWalking-Ceiling-Comic-INTERACTIVE-Interrupted%2Fdp%2F1734018852%2Fref%3Dsr_1_195_sspa%3Fkeywords%3Dgraphic%2Bnovel%2Bbooks%26qid%3D1639629615%26sr%3D8-195-spons%26psc%3D1&qualifier=1639629615&id=3091159321096599&widgetName=sp_atf_next
Snotlings: The Boogie Monster,$13.99,3.9 out of 5 stars,https://www.amazon.com/gp/slredirect/picassoRedirect.html/ref=pa_sp_atf_next_aps_sr_pg5_1?ie=UTF8&adId=A01661123L7H5LQ9RL43H&url=%2FSnotlings-Boogie-Monster-Tarryn-Mallick%2Fdp%2F0645217808%2Fref%3Dsr_1_196_sspa%3Fkeywords%3Dgraphic%2Bnovel%2Bbooks%26qid%3D1639629615%26sr%3D8-196-spons%26psc%3D1&qualifier=1639629615&id=3091159321096599&widgetName=sp_atf_next
Wynonna Earp: All In,$39.39,4.7 out of 5 stars,https://www.amazon.com/Wynonna-Earp-All-Beau-Smith/dp/1684058686/ref=sr_1_197?keywords=graphic+novel+books&qid=1639629615&sr=8-197
Roller Girl,$11.69,4.7 out of 5 stars,https://www.amazon.com/Roller-Girl-Victoria-Jamieson/dp/0803740166/ref=sr_1_198?keywords=graphic+novel+books&qid=1639629615&sr=8-198
The Visitor: A Graphic Novel (Animorphs #2),$11.49,4.8 out of 5 stars,https://www.amazon.com/Visitor-Animorphs-Graphix-2/dp/1338538373/ref=sr_1_199?keywords=graphic+novel+books&qid=1639629615&sr=8-199
Stars of World Soccer: Third Edition (World Soccer Legends),$11.20,4.7 out of 5 stars,https://www.amazon.com/Stars-World-Soccer-Illugi-J%C3%B6kulsson/dp/0789213877/ref=sr_1_200?keywords=graphic+novel+books&qid=1639629615&sr=8-200
Legend of the Star Runner: A Timmi Tobbson Adventure Book for Boys and Girls (Solve-Them-Yourself Mysteries for Kids 8-12),$7.99,4.7 out of 5 stars,https://www.amazon.com/Legend-Star-Runner-Adventure-Solve-Them-Yourself/dp/3963267771/ref=sr_1_201?keywords=graphic+novel+books&qid=1639629615&sr=8-201
Beastly Basketball (Sports Illustrated Kids Graphic Novels),$5.95,4.7 out of 5 stars,https://www.amazon.com/Beastly-Basketball-Sports-Illustrated-Graphic/dp/1434291847/ref=sr_1_202?keywords=graphic+novel+books&qid=1639629615&sr=8-202
Star Wars Visions: Ronin: A Visions Novel (Inspired by The Duel),$16.19,4.3 out of 5 stars,https://www.amazon.com/Star-Wars-Visions-Ronin-Novel/dp/059335866X/ref=sr_1_203?keywords=graphic+novel+books&qid=1639629615&sr=8-203
WolfWalkers: The Graphic Novel,$14.99,4.9 out of 5 stars,https://www.amazon.com/WolfWalkers-Graphic-Novel-Samuel-Sattin/dp/0316429538/ref=sr_1_204?keywords=graphic+novel+books&qid=1639629615&sr=8-204
A Game of Thrones / A Clash of Kings / A Storm of Swords / A Feast of Crows / A Dance with Dragons,$28.62,4.7 out of 5 stars,https://www.amazon.com/Thrones-Clash-Kings-Swords-Dragons/dp/0345535529/ref=sr_1_205?keywords=graphic+novel+books&qid=1639629615&sr=8-205
A Mermaid in Middle Grade: Book 1: The Talisman of Lostland,$10.31,4.7 out of 5 stars,https://www.amazon.com/Mermaid-Middle-Grade-Talisman-Lostland/dp/1949078108/ref=sr_1_206?keywords=graphic+novel+books&qid=1639629615&sr=8-206
The History of Science Fiction: A Graphic Novel Adventure,$29.99,3.5 out of 5 stars,https://www.amazon.com/History-Science-Fiction-Graphic-Adventure/dp/1643379143/ref=sr_1_207?keywords=graphic+novel+books&qid=1639629615&sr=8-207
Heartstopper: Volume 3: A Graphic Novel (Heartstopper #3) (3),$12.99,4.9 out of 5 stars,https://www.amazon.com/Heartstopper-3-Alice-Oseman/dp/1338617524/ref=sr_1_208?keywords=graphic+novel+books&qid=1639629615&sr=8-208
Snowpiercer Vol. 1: The Escape (MOVIE TIE-IN),$14.29,4.3 out of 5 stars,https://www.amazon.com/Snowpiercer-Escape-TIE-Jacques-Lob/dp/1787734420/ref=sr_1_209?keywords=graphic+novel+books&qid=1639629615&sr=8-209
Graceling (Graphic Novel),$17.89,4.5 out of 5 stars,https://www.amazon.com/Graceling-Graphic-Novel-Kristin-Cashore/dp/0358250420/ref=sr_1_210?keywords=graphic+novel+books&qid=1639629615&sr=8-210
Teen Titans: Raven and Beast Boy HC Box Set,$24.99,4.9 out of 5 stars,https://www.amazon.com/Teen-Titans-Raven-Beast-Boy/dp/1779507062/ref=sr_1_211?keywords=graphic+novel+books&qid=1639629615&sr=8-211
Borders,$20.28,4.8 out of 5 stars,https://www.amazon.com/Borders-Thomas-King/dp/0316593060/ref=sr_1_212?keywords=graphic+novel+books&qid=1639629615&sr=8-212
Blankets,$16.79,4.7 out of 5 stars,https://www.amazon.com/Blankets-Craig-Thompson/dp/177046218X/ref=sr_1_213?keywords=graphic+novel+books&qid=1639629615&sr=8-213
"Minecraft Volume 3 (Minecraft, 3)",$9.89,4.5 out of 5 stars,https://www.amazon.com/Minecraft-3-Sf%C3%88-R-Monster/dp/1506725805/ref=sr_1_214?keywords=graphic+novel+books&qid=1639629615&sr=8-214
Parasite: A Graphic Novel in Storyboards,$18.26,4.8 out of 5 stars,https://www.amazon.com/Parasite-Storyboards-Bong-Joon-Ho/dp/1538753251/ref=sr_1_215?keywords=graphic+novel+books&qid=1639629615&sr=8-215
Passion Unleashed: The Complete Collection of Erotic Short Stories,$0.00,,https://www.amazon.com/Passion-Unleashed-Complete-Collection-Stories-ebook/dp/B09NGSKZMJ/ref=sr_1_216?keywords=graphic+novel+books&qid=1639629615&sr=8-216
Lugosi: The Rise and Fall of Hollywood's Dracula,$20.36,4.8 out of 5 stars,https://www.amazon.com/Lugosi-Rise-Fall-Hollywoods-Dracula/dp/1643376616/ref=sr_1_217?keywords=graphic+novel+books&qid=1639629615&sr=8-217
Sunny Rolls the Dice: A Graphic Novel (Sunny #3),$8.69,4.7 out of 5 stars,https://www.amazon.com/Sunny-Rolls-Dice-Jennifer-Holm/dp/1338233149/ref=sr_1_218?keywords=graphic+novel+books&qid=1639629615&sr=8-218
Making Friends (Making Friends #1),$8.64,4.6 out of 5 stars,https://www.amazon.com/Making-Friends-Kristen-Gudsnuk/dp/1338139215/ref=sr_1_219?keywords=graphic+novel+books&qid=1639629615&sr=8-219
Avengers Storybook Collection,$11.10,4.8 out of 5 stars,https://www.amazon.com/Avengers-Storybook-Collection-Marvel-Press/dp/1484729579/ref=sr_1_220?keywords=graphic+novel+books&qid=1639629615&sr=8-220
Moni Monster Meets Inga the Giraffe: A beautifully illustrated funny story about baby animals to read to kids aged 4-6,$9.99,4.3 out of 5 stars,https://www.amazon.com/gp/slredirect/picassoRedirect.html/ref=pa_sp_mtf_aps_sr_pg5_1?ie=UTF8&adId=A07855261IZOEIHBRRGW8&url=%2FMoni-Monster-Meets-Inga-Giraffe%2Fdp%2FB08J576Q4C%2Fref%3Dsr_1_221_sspa%3Fkeywords%3Dgraphic%2Bnovel%2Bbooks%26qid%3D1639629615%26sr%3D8-221-spons%26psc%3D1&qualifier=1639629615&id=3091159321096599&widgetName=sp_mtf
Stephen Curry: Rise of the Star. The inspiring and interesting life story from a struggling young boy to become the legend. Life of Stephen Curry - one of the best basketball shooters in history.,$13.99,4.4 out of 5 stars,https://www.amazon.com/gp/slredirect/picassoRedirect.html/ref=pa_sp_mtf_aps_sr_pg5_1?ie=UTF8&adId=A03978041WT22G8Y5Z59M&url=%2FStephen-Curry-interesting-struggling-basketball%2Fdp%2F152390285X%2Fref%3Dsr_1_222_sspa%3Fkeywords%3Dgraphic%2Bnovel%2Bbooks%26qid%3D1639629615%26sr%3D8-222-spons%26psc%3D1&qualifier=1639629615&id=3091159321096599&widgetName=sp_mtf
Goosebumps: Secrets of the Swamp,$11.89,4.6 out of 5 stars,https://www.amazon.com/gp/slredirect/picassoRedirect.html/ref=pa_sp_mtf_aps_sr_pg5_1?ie=UTF8&adId=A05685258ZJH390J30F7&url=%2FGoosebumps-Secrets-Swamp-Marieke-Nijkamp%2Fdp%2F1684058139%2Fref%3Dsr_1_223_sspa%3Fkeywords%3Dgraphic%2Bnovel%2Bbooks%26qid%3D1639629615%26sr%3D8-223-spons%26psc%3D1&qualifier=1639629615&id=3091159321096599&widgetName=sp_mtf
It's Her Story - Marie Curie - A Graphic Novel,$10.99,4.7 out of 5 stars,https://www.amazon.com/Its-Her-Story-Marie-Graphic/dp/1503752933/ref=sr_1_224?keywords=graphic+novel+books&qid=1639629615&sr=8-224
DUNE: The Official Movie Graphic Novel,$21.99,,https://www.amazon.com/DUNE-Official-Movie-Graphic-Novel/dp/1681161109/ref=sr_1_225?keywords=graphic+novel+books&qid=1639629615&sr=8-225
The Okay Witch (1),$8.39,4.8 out of 5 stars,https://www.amazon.com/Okay-Witch-Emma-Steinkellner/dp/1534431454/ref=sr_1_226?keywords=graphic+novel+books&qid=1639629615&sr=8-226
Nimona,$11.50,4.7 out of 5 stars,https://www.amazon.com/Nimona-Noelle-Stevenson/dp/0062278223/ref=sr_1_227?keywords=graphic+novel+books&qid=1639629615&sr=8-227
Witches of Brooklyn: What the Hex?!: (A Graphic Novel),$10.20,4.9 out of 5 stars,https://www.amazon.com/Witches-Brooklyn-What-Graphic-Novel/dp/0593119304/ref=sr_1_228?keywords=graphic+novel+books&qid=1639629615&sr=8-228
World War One: 1914-1918 (Campfire Graphic Novels),$12.99,4.6 out of 5 stars,https://www.amazon.com/World-War-One-1914-1918-Campfire/dp/9380741855/ref=sr_1_229?keywords=graphic+novel+books&qid=1639629615&sr=8-229
Berrybrook Middle School Box Set,$28.00,4.9 out of 5 stars,https://www.amazon.com/Berrybrook-Middle-School-Box-Set/dp/1975332806/ref=sr_1_230?keywords=graphic+novel+books&qid=1639629615&sr=8-230
"Star Wars: Darth Vader: Dark Lord of the Sith Vol. 1: Imperial Machine (Star Wars: Darth Vader: Dark Lord of the Sith (2017), 1)",$16.55,4.8 out of 5 stars,https://www.amazon.com/Star-Wars-Darth-Imperial-Machine/dp/1302907441/ref=sr_1_231?keywords=graphic+novel+books&qid=1639629615&sr=8-231
The Last Council: A Graphic Novel (Amulet #4) (4),$9.59,4.9 out of 5 stars,https://www.amazon.com/Last-Council-Amulet-4/dp/0545208874/ref=sr_1_232?keywords=graphic+novel+books&qid=1639629615&sr=8-232
Out from Boneville (BONE #1): Out From Boneville (1),$9.29,4.8 out of 5 stars,https://www.amazon.com/Out-Boneville-BONE-Jeff-Smith/dp/0439706408/ref=sr_1_233?keywords=graphic+novel+books&qid=1639629615&sr=8-233
Poe: Stories and Poems: A Graphic Novel Adaptation by Gareth Hinds,$13.49,4.8 out of 5 stars,https://www.amazon.com/Poe-Stories-Graphic-Adaptation-Gareth/dp/0763695092/ref=sr_1_234?keywords=graphic+novel+books&qid=1639629615&sr=8-234
The Hobbit (Graphic Novel) with a subtitle of An illustrated edition of the fantasy classic,$16.39,4.7 out of 5 stars,https://www.amazon.com/Graphic-subtitle-illustrated-fantasy-classic/dp/0345445600/ref=sr_1_235?keywords=graphic+novel+books&qid=1639629615&sr=8-235
The Girl Who Drank the Moon (Winner of the 2017 Newbery Medal),$6.38,4.7 out of 5 stars,https://www.amazon.com/Girl-Drank-Winner-Newbery-Medal/dp/1616207469/ref=sr_1_236?keywords=graphic+novel+books&qid=1639629615&sr=8-236
Justice League by Geoff Johns Box Set Vol. 1,$46.94,4.7 out of 5 stars,https://www.amazon.com/Justice-League-Geoff-Johns-Vol/dp/1401276121/ref=sr_1_237?keywords=graphic+novel+books&qid=1639629615&sr=8-237
Halo: Legacy Collection,$26.99,5.0 out of 5 stars,https://www.amazon.com/Halo-Legacy-Collection-Microsoft/dp/1506725899/ref=sr_1_238?keywords=graphic+novel+books&qid=1639629615&sr=8-238
"The House of Hades: The Heroes of Olympus, Book 4",$0.00,4.8 out of 5 stars,https://www.amazon.com/The-House-of-Hades-Rick-Riordan-audiobook/dp/B00EFB2YAO/ref=sr_1_239?keywords=graphic+novel+books&qid=1639629615&sr=8-239
Monsterverse Titanthology Vol 1 (1),$15.45,4.8 out of 5 stars,https://www.amazon.com/Monsterverse-Titanthology-Vol-1/dp/1681160927/ref=sr_1_240?keywords=graphic+novel+books&qid=1639629615&sr=8-240
Star Wars: Darth Vader by Charles Soule Omnibus (Star Wars: Darth Vader Omnibus),$90.00,,https://www.amazon.com/Star-Wars-Darth-Charles-Omnibus/dp/1302931733/ref=sr_1_241?keywords=graphic+novel+books&qid=1639629615&sr=8-241
Batman/Fortnite: Zero Point,$15.94,4.8 out of 5 stars,https://www.amazon.com/Batman-Fortnite-Point-Christos-Gage/dp/177951056X/ref=sr_1_242?keywords=graphic+novel+books&qid=1639629615&sr=8-242
This Was Our Pact,$14.99,4.7 out of 5 stars,https://www.amazon.com/This-Was-Pact-Ryan-Andrews/dp/1626720533/ref=sr_1_243?keywords=graphic+novel+books&qid=1639629615&sr=8-243
Grandmaster of Demonic Cultivation: Mo Dao Zu Shi (Novel) Vol. 1,$17.99,4.9 out of 5 stars,https://www.amazon.com/Grandmaster-Demonic-Cultivation-Novel-Vol/dp/1648279198/ref=sr_1_244?keywords=graphic+novel+books&qid=1639629615&sr=8-244
Leonard Cohen: On a Wire,$22.49,5.0 out of 5 stars,https://www.amazon.com/Leonard-Cohen-Wire-Philippe-Girard/dp/1770464891/ref=sr_1_245?keywords=graphic+novel+books&qid=1639629615&sr=8-245
Bounce Back,$11.99,5.0 out of 5 stars,https://www.amazon.com/Bounce-Back-Misako-Rocks/dp/1250806291/ref=sr_1_246?keywords=graphic+novel+books&qid=1639629615&sr=8-246
Big Shot Diary of a Wimpy Kid Book 16,$7.49,4.8 out of 5 stars,https://www.amazon.com/Big-Shot-Diary-Wimpy-Book/dp/1419749153/ref=sr_1_247?keywords=graphic+novel+books&qid=1639629615&sr=8-247
Unbroken (The Young Adult Adaptation): An Olympian's Journey from Airman to Castaway to Captive,$7.68,4.7 out of 5 stars,https://www.amazon.com/gp/slredirect/picassoRedirect.html/ref=pa_sp_btf_aps_sr_pg5_1?ie=UTF8&adId=A088030523WFASHNH6D0A&url=%2FUnbroken-Young-Adult-Adaptation-Olympians%2Fdp%2F0385742525%2Fref%3Dsr_1_248_sspa%3Fkeywords%3Dgraphic%2Bnovel%2Bbooks%26qid%3D1639629615%26sr%3D8-248-spons%26psc%3D1&qualifier=1639629615&id=3091159321096599&widgetName=sp_btf
The Story of Anne Frank: A Biography Book for New Readers (The Story of: A Biography Series for New Readers),$6.99,4.8 out of 5 stars,https://www.amazon.com/gp/slredirect/picassoRedirect.html/ref=pa_sp_btf_aps_sr_pg5_1?ie=UTF8&adId=A08870163N4F1I4HPP61I&url=%2FStory-Anne-Frank-Biography-Readers%2Fdp%2F1648766064%2Fref%3Dsr_1_249_sspa%3Fkeywords%3Dgraphic%2Bnovel%2Bbooks%26qid%3D1639629615%26sr%3D8-249-spons%26psc%3D1&qualifier=1639629615&id=3091159321096599&widgetName=sp_btf
Where is Claris in New York: Claris: A Look-and-find Story!,$12.60,5.0 out of 5 stars,https://www.amazon.com/gp/slredirect/picassoRedirect.html/ref=pa_sp_atf_next_aps_sr_pg6_1?ie=UTF8&adId=A01521153P8YM3BCM0MY8&url=%2FWhere-Claris-York-Look-find%2Fdp%2F1760504963%2Fref%3Dsr_1_241_sspa%3Fkeywords%3Dgraphic%2Bnovel%2Bbooks%26qid%3D1639629617%26sr%3D8-241-spons%26psc%3D1&qualifier=1639629617&id=4230346455387631&widgetName=sp_atf_next
Superheroes Don't Have Bedtimes ... Or Do They?: A Story about the Power of a Good Night's Sleep (Little Superhero Series),$11.89,4.7 out of 5 stars,https://www.amazon.com/gp/slredirect/picassoRedirect.html/ref=pa_sp_atf_next_aps_sr_pg6_1?ie=UTF8&adId=A04638323AM7J5X4LKKXU&url=%2FSuperheroes-Dont-Have-Bedtimes-They%2Fdp%2F1735113042%2Fref%3Dsr_1_242_sspa%3Fkeywords%3Dgraphic%2Bnovel%2Bbooks%26qid%3D1639629617%26sr%3D8-242-spons%26psc%3D1&qualifier=1639629617&id=4230346455387631&widgetName=sp_atf_next
Southwest Cougars Year 1: The Extraordinarily Ordinary Life of Cassandra Jones,$14.99,4.3 out of 5 stars,https://www.amazon.com/gp/slredirect/picassoRedirect.html/ref=pa_sp_atf_next_aps_sr_pg6_1?ie=UTF8&adId=A0692279REWVCII1DCXA&url=%2FSouthwest-Cougars-Year-Extraordinarily-Cassandra%2Fdp%2F1947307002%2Fref%3Dsr_1_243_sspa%3Fkeywords%3Dgraphic%2Bnovel%2Bbooks%26qid%3D1639629617%26sr%3D8-243-spons%26psc%3D1&qualifier=1639629617&id=4230346455387631&widgetName=sp_atf_next
Sir Princess Petra's Talent: Book 2 in the International Award-Winning Children's Fantasy Series (The Pen Pieyu Adventures) (Volume 2),$9.99,4.7 out of 5 stars,https://www.amazon.com/gp/slredirect/picassoRedirect.html/ref=pa_sp_atf_next_aps_sr_pg6_1?ie=UTF8&adId=A08911641JER0YNKIA1S8&url=%2FPrincess-Petras-Talent-International-Award-Winning%2Fdp%2F0995248257%2Fref%3Dsr_1_244_sspa%3Fkeywords%3Dgraphic%2Bnovel%2Bbooks%26qid%3D1639629617%26sr%3D8-244-spons%26psc%3D1&qualifier=1639629617&id=4230346455387631&widgetName=sp_atf_next
"Heroes of Olympus, Book One The Lost Hero: The Graphic Novel (Heroes of Olympus, Book One) (The Heroes of Olympus, 1)",$9.72,4.7 out of 5 stars,https://www.amazon.com/Heroes-Olympus-Book-Lost-Hero/dp/1423163257/ref=sr_1_245?keywords=graphic+novel+books&qid=1639629617&sr=8-245
Anthrax: Among The Living,$16.99,4.8 out of 5 stars,https://www.amazon.com/Anthrax-Among-Living-Rob-Zombie/dp/1940878594/ref=sr_1_246?keywords=graphic+novel+books&qid=1639629617&sr=8-246
"Warriors Manga 3-Book Full-Color Box Set: Graystripe's Adventure; Ravenpaw's Path, SkyClan and the Stranger",$23.83,4.9 out of 5 stars,https://www.amazon.com/Warriors-Manga-3-Book-Full-Color-Box/dp/0062882074/ref=sr_1_247?keywords=graphic+novel+books&qid=1639629617&sr=8-247
GvK Godzilla Dominion,$13.39,4.8 out of 5 stars,https://www.amazon.com/GvK-Godzilla-Dominion-Greg-Keyes/dp/1681160781/ref=sr_1_248?keywords=graphic+novel+books&qid=1639629617&sr=8-248
Some Girls Do,$15.99,4.5 out of 5 stars,https://www.amazon.com/Some-Girls-Do-Jennifer-Dugan/dp/0593112539/ref=sr_1_249?keywords=graphic+novel+books&qid=1639629617&sr=8-249
Sisters,$5.28,4.8 out of 5 stars,https://www.amazon.com/Sisters-Raina-Telgemeier/dp/0545540607/ref=sr_1_250?keywords=graphic+novel+books&qid=1639629617&sr=8-250
The Odyssey,$14.59,4.7 out of 5 stars,https://www.amazon.com/Odyssey-Gareth-Hinds/dp/0763642681/ref=sr_1_251?keywords=graphic+novel+books&qid=1639629617&sr=8-251
Happy Narwhalidays (A Narwhal and Jelly Book #5),$8.39,4.9 out of 5 stars,https://www.amazon.com/Happy-Narwhalidays-Narwhal-Jelly-Book/dp/0735262519/ref=sr_1_252?keywords=graphic+novel+books&qid=1639629617&sr=8-252
Turtle in Paradise: The Graphic Novel,$9.90,4.5 out of 5 stars,https://www.amazon.com/Turtle-Paradise-Jennifer-L-Holm/dp/0593126300/ref=sr_1_253?keywords=graphic+novel+books&qid=1639629617&sr=8-253
Between Shades of Gray: The Graphic Novel,$11.99,4.5 out of 5 stars,https://www.amazon.com/Between-Shades-Gray-Graphic-Novel/dp/0593404858/ref=sr_1_254?keywords=graphic+novel+books&qid=1639629617&sr=8-254
The Crow,$21.04,4.9 out of 5 stars,https://www.amazon.com/Crow-James-OBarr/dp/1501176994/ref=sr_1_255?keywords=graphic+novel+books&qid=1639629617&sr=8-255
Sports Biographies for Kids: Decoding Greatness With The Greatest Players from the 1960s to Today (Biographies of Greatest Players of All Time for Kids Ages 8-12),$9.99,4.5 out of 5 stars,https://www.amazon.com/Sports-Biographies-Kids-Decoding-Greatness/dp/1956397477/ref=sr_1_256?keywords=graphic+novel+books&qid=1639629617&sr=8-256
"Run: Book One (Run, 1)",$15.42,4.8 out of 5 stars,https://www.amazon.com/Run-John-Lewis/dp/141973069X/ref=sr_1_257?keywords=graphic+novel+books&qid=1639629617&sr=8-257
The Complete Maus,$21.20,4.8 out of 5 stars,https://www.amazon.com/Complete-Maus-Art-Spiegelman/dp/0679406417/ref=sr_1_258?keywords=graphic+novel+books&qid=1639629617&sr=8-258
The Witches: The Graphic Novel,$9.41,4.8 out of 5 stars,https://www.amazon.com/Witches-Graphic-Novel-Roald-Dahl/dp/1338677438/ref=sr_1_259?keywords=graphic+novel+books&qid=1639629617&sr=8-259
When Stars Are Scattered,$16.26,4.9 out of 5 stars,https://www.amazon.com/When-Stars-Scattered-Victoria-Jamieson/dp/0525553916/ref=sr_1_260?keywords=graphic+novel+books&qid=1639629617&sr=8-260
"A Christmas Carol: The Graphic Novel (American English, Quick Text Edition)",$15.11,4.7 out of 5 stars,https://www.amazon.com/Christmas-Carol-Graphic-American-English/dp/1906332525/ref=sr_1_261?keywords=graphic+novel+books&qid=1639629617&sr=8-261
Top Beautiful Asian Girls Collection: Non-Nude Photos Album Vol.10,$0.00,,https://www.amazon.com/Top-Beautiful-Asian-Girls-Collection-ebook/dp/B09NDVL46Z/ref=sr_1_262?keywords=graphic+novel+books&qid=1639629617&sr=8-262
X-Men: Days of Future Past,$17.25,4.6 out of 5 stars,https://www.amazon.com/X-Men-Days-Future-Chris-Claremont/dp/1302928538/ref=sr_1_263?keywords=graphic+novel+books&qid=1639629617&sr=8-263
The Sleepover,$11.46,5.0 out of 5 stars,https://www.amazon.com/Sleepover-Michael-Regina/dp/0593117360/ref=sr_1_264?keywords=graphic+novel+books&qid=1639629617&sr=8-264
The Unfinished Corner (Wonderbound),$11.99,5.0 out of 5 stars,https://www.amazon.com/Unfinished-Corner-Dani-Colman/dp/1638490112/ref=sr_1_265?keywords=graphic+novel+books&qid=1639629617&sr=8-265
"Bone Collection: 10 Book Set: Includes All 9 Books, Plus the Prequel Rose.",$107.09,4.8 out of 5 stars,https://www.amazon.com/Bone-Collection-Books-Prequel-Rose/dp/0545515165/ref=sr_1_266?keywords=graphic+novel+books&qid=1639629617&sr=8-266
My Big Fat Zombie Goldfish Boxed Set: (My Big Fat Zombie Goldfish; The Seaquel; Fins of Fury),$10.16,4.7 out of 5 stars,https://www.amazon.com/Big-Fat-Zombie-Goldfish-Boxed/dp/125015782X/ref=sr_1_267?keywords=graphic+novel+books&qid=1639629617&sr=8-267
A Wrinkle in Time: The Graphic Novel,$12.99,4.6 out of 5 stars,https://www.amazon.com/Wrinkle-Time-Graphic-Novel/dp/1250056942/ref=sr_1_268?keywords=graphic+novel+books&qid=1639629617&sr=8-268
"In The Beginning, There Was a Murder: An Amateur Female Sleuth Historical Cozy Mystery (Miss Riddell Cozy Mysteries)",$11.99,4.3 out of 5 stars,https://www.amazon.com/gp/slredirect/picassoRedirect.html/ref=pa_sp_mtf_aps_sr_pg6_1?ie=UTF8&adId=A077133523XN7YF4IXJ7C&url=%2FBeginning-There-Was-Murder-Historical%2Fdp%2FB08NW6DNLC%2Fref%3Dsr_1_269_sspa%3Fkeywords%3Dgraphic%2Bnovel%2Bbooks%26qid%3D1639629617%26sr%3D8-269-spons%26psc%3D1&qualifier=1639629617&id=4230346455387631&widgetName=sp_mtf
"You Are a Girl Who Can Do Anything ...a very special book to cheer you on and help you achieve greatness by Ashley Rice, A Gift Book for a Brave and Daring Girl from Blue Mountain Arts",$11.66,4.7 out of 5 stars,https://www.amazon.com/gp/slredirect/picassoRedirect.html/ref=pa_sp_mtf_aps_sr_pg6_1?ie=UTF8&adId=A01154441WPGKOEHHSTX6&url=%2FYou-Are-Girl-Who-Anything%2Fdp%2F1598427601%2Fref%3Dsr_1_270_sspa%3Fkeywords%3Dgraphic%2Bnovel%2Bbooks%26qid%3D1639629617%26sr%3D8-270-spons%26psc%3D1&qualifier=1639629617&id=4230346455387631&widgetName=sp_mtf
Chibi Usagi: Attack of the Heebie Chibis,$12.99,4.7 out of 5 stars,https://www.amazon.com/gp/slredirect/picassoRedirect.html/ref=pa_sp_mtf_aps_sr_pg6_1?ie=UTF8&adId=A09930391UHY54DTOUQH1&url=%2FChibi-Usagi-Attack-Heebie-Stan-Sakai%2Fdp%2F1684057906%2Fref%3Dsr_1_271_sspa%3Fkeywords%3Dgraphic%2Bnovel%2Bbooks%26qid%3D1639629617%26sr%3D8-271-spons%26psc%3D1&qualifier=1639629617&id=4230346455387631&widgetName=sp_mtf
Baseball for Kids: A Young Fan's Guide to the History of the Game (Biographies of Today's Best Players),$9.71,4.8 out of 5 stars,https://www.amazon.com/Baseball-Kids-History-Biographies-Players/dp/1646112377/ref=sr_1_272?keywords=graphic+novel+books&qid=1639629617&sr=8-272
The Great Rat Rally: A Graphic Novel (Geronimo Stilton #3) (3) (Geronimo Stilton Graphic Novel),$10.99,,https://www.amazon.com/Great-Rally-Geronimo-Stilton-Graphic/dp/1338729381/ref=sr_1_273?keywords=graphic+novel+books&qid=1639629617&sr=8-273
The Evil Dead: 40th Anniversary Edition,$17.99,4.5 out of 5 stars,https://www.amazon.com/Evil-Dead-40th-Anniversary/dp/1506727743/ref=sr_1_274?keywords=graphic+novel+books&qid=1639629617&sr=8-274
Sapiens: A Graphic History: The Birth of Humankind (Vol. 1),$21.99,4.7 out of 5 stars,https://www.amazon.com/Sapiens-Graphic-History-Birth-Humankind/dp/0063051338/ref=sr_1_275?keywords=graphic+novel+books&qid=1639629617&sr=8-275
Dio Holy Diver,$18.40,4.1 out of 5 stars,https://www.amazon.com/Dio-Holy-Diver-Steve-Niles/dp/1940878632/ref=sr_1_276?keywords=graphic+novel+books&qid=1639629617&sr=8-276
Tunnels,$21.49,4.6 out of 5 stars,https://www.amazon.com/Tunnels-Rutu-Modan/dp/1770464662/ref=sr_1_277?keywords=graphic+novel+books&qid=1639629617&sr=8-277
1984: The Graphic Novel,$18.49,4.6 out of 5 stars,https://www.amazon.com/1984-Graphic-Novel-George-Orwell/dp/0358359929/ref=sr_1_278?keywords=graphic+novel+books&qid=1639629617&sr=8-278
"Great Power, No Responsibility (Spider-Ham Original Graphic Novel)",$8.99,4.5 out of 5 stars,https://www.amazon.com/Great-Power-Responsibility-Spider-Ham-Graphic/dp/133873430X/ref=sr_1_279?keywords=graphic+novel+books&qid=1639629617&sr=8-279
"The Poison Jungle (Wings of Fire, Book 13) (13)",$7.43,4.8 out of 5 stars,https://www.amazon.com/Poison-Jungle-Wings-Fire-Book/dp/1338214527/ref=sr_1_280?keywords=graphic+novel+books&qid=1639629617&sr=8-280
Kingdom Hearts III #21,$1.99,,https://www.amazon.com/Kingdom-Hearts-III-Tetsuya-Nomura-ebook/dp/B09NDZMSQ3/ref=sr_1_281?keywords=graphic+novel+books&qid=1639629617&sr=8-281
DC Super Hero Girls: Out of the Bottle,$7.29,4.8 out of 5 stars,https://www.amazon.com/DC-Super-Hero-Girls-Bottle/dp/1401274838/ref=sr_1_282?keywords=graphic+novel+books&qid=1639629617&sr=8-282
"Hey, Kiddo: A Graphic Novel",$11.99,4.7 out of 5 stars,https://www.amazon.com/Kiddo-National-Book-Award-Finalist/dp/0545902487/ref=sr_1_283?keywords=graphic+novel+books&qid=1639629617&sr=8-283
The Invasion: A Graphic Novel (Animorphs #1) (1),$7.39,4.8 out of 5 stars,https://www.amazon.com/Invasion-Animorphs-Graphix-K-Applegate/dp/1338538098/ref=sr_1_284?keywords=graphic+novel+books&qid=1639629617&sr=8-284
Far Sector,$22.62,4.7 out of 5 stars,https://www.amazon.com/Far-Sector-N-K-Jemisin/dp/1779512058/ref=sr_1_285?keywords=graphic+novel+books&qid=1639629617&sr=8-285
"The Old Guard: Tales Through Time (Old Guard, 1)",$16.99,,https://www.amazon.com/Old-Guard-Tales-Through-Time/dp/1534320059/ref=sr_1_286?keywords=graphic+novel+books&qid=1639629617&sr=8-286
Star Wars: Bounty Hunters Vol. 1: Galaxy's Deadliest,$15.99,4.6 out of 5 stars,https://www.amazon.com/Star-Wars-Hunters-Galaxys-Deadliest/dp/1302920839/ref=sr_1_287?keywords=graphic+novel+books&qid=1639629617&sr=8-287
Middle School Mischief (The Magical Reality of Nadia #2),$14.99,5.0 out of 5 stars,https://www.amazon.com/Magical-Reality-Nadia-2/dp/1338572296/ref=sr_1_288?keywords=graphic+novel+books&qid=1639629617&sr=8-288
Vampires Don't Wear Polka Dots: A Graphix Chapters Book (The Adventures of the Bailey School Kids #1) (1),$7.99,4.7 out of 5 stars,https://www.amazon.com/Vampires-Dont-Wear-Polka-Dots/dp/1338736590/ref=sr_1_289?keywords=graphic+novel+books&qid=1639629617&sr=8-289
Displacement,$17.01,4.7 out of 5 stars,https://www.amazon.com/Displacement-Kiku-Hughes/dp/1250193532/ref=sr_1_290?keywords=graphic+novel+books&qid=1639629617&sr=8-290
Goldilocks: Wanted Dead or Alive,$10.38,4.7 out of 5 stars,https://www.amazon.com/Goldilocks-Wanted-Alive-Chris-Colfer/dp/031635595X/ref=sr_1_291?keywords=graphic+novel+books&qid=1639629617&sr=8-291
"Snow, Glass, Apples",$21.97,4.7 out of 5 stars,https://www.amazon.com/Snow-Glass-Apples-Neil-Gaiman/dp/1472262913/ref=sr_1_292?keywords=graphic+novel+books&qid=1639629617&sr=8-292
Witches of Brooklyn: (A Graphic Novel),$9.99,4.8 out of 5 stars,https://www.amazon.com/Witches-Brooklyn-Sophie-Escabasse/dp/0593119274/ref=sr_1_293?keywords=graphic+novel+books&qid=1639629617&sr=8-293
Spider-Man: Maximum Carnage,$26.99,4.8 out of 5 stars,https://www.amazon.com/Spider-Man-Maximum-Carnage-Tom-Defalco/dp/0785109870/ref=sr_1_294?keywords=graphic+novel+books&qid=1639629617&sr=8-294
"Warriors Manga: Graystripe's Adventure: 3 Full-Color Warriors Manga Books in 1: The Lost Warrior, Warrior's Refuge, Warrior's Return",$11.99,4.8 out of 5 stars,https://www.amazon.com/Warriors-Graystripes-Adventure-Warrior-Refuge/dp/0062573004/ref=sr_1_295?keywords=graphic+novel+books&qid=1639629617&sr=8-295
The Fantastic Flatulent Fart Brothers Go to the Moon!: A Spaced Out Comedy SciFi Adventure that Truly Stinks (Humorous action book for preteen kids ... Flatulent Fart Brothers; Us Edition),$7.92,4.6 out of 5 stars,https://www.amazon.com/gp/slredirect/picassoRedirect.html/ref=pa_sp_btf_aps_sr_pg6_1?ie=UTF8&adId=A08866642JXR7U26AXFO4&url=%2FFantastic-Flatulent-Fart-Brothers-Moon%2Fdp%2F9627866318%2Fref%3Dsr_1_296_sspa%3Fkeywords%3Dgraphic%2Bnovel%2Bbooks%26qid%3D1639629617%26sr%3D8-296-spons%26psc%3D1&qualifier=1639629617&id=4230346455387631&widgetName=sp_btf
The Call of the Wild (Dover Children's Evergreen Classics),$3.99,4.6 out of 5 stars,https://www.amazon.com/gp/slredirect/picassoRedirect.html/ref=pa_sp_btf_aps_sr_pg6_1?ie=UTF8&adId=A0393481YBC693Y5CTAJ&url=%2FCall-Dover-Childrens-Evergreen-Classics%2Fdp%2F0486434230%2Fref%3Dsr_1_297_sspa%3Fkeywords%3Dgraphic%2Bnovel%2Bbooks%26qid%3D1639629617%26sr%3D8-297-spons%26psc%3D1&qualifier=1639629617&id=4230346455387631&widgetName=sp_btf
Max E. James: Books 4-6 An Early Reader Chapter Series,$13.98,4.8 out of 5 stars,https://www.amazon.com/gp/slredirect/picassoRedirect.html/ref=pa_sp_atf_next_aps_sr_pg7_1?ie=UTF8&adId=A03347981K62Z20056CIL&url=%2FMax-James-Books-Reader-Chapter%2Fdp%2FB087SG9N99%2Fref%3Dsr_1_289_sspa%3Fkeywords%3Dgraphic%2Bnovel%2Bbooks%26qid%3D1639629620%26sr%3D8-289-spons%26psc%3D1&qualifier=1639629620&id=2918568066578506&widgetName=sp_atf_next
My Father's Dragon,$10.79,4.8 out of 5 stars,https://www.amazon.com/gp/slredirect/picassoRedirect.html/ref=pa_sp_atf_next_aps_sr_pg7_1?ie=UTF8&adId=A0090034OXEY6XJ0D64T&url=%2FFathers-Dragon-Ruth-Stiles-Gannett%2Fdp%2F0486837491%2Fref%3Dsr_1_290_sspa%3Fkeywords%3Dgraphic%2Bnovel%2Bbooks%26qid%3D1639629620%26sr%3D8-290-spons%26psc%3D1&qualifier=1639629620&id=2918568066578506&widgetName=sp_atf_next
The Wonderful Wizard of Oz,$7.99,4.6 out of 5 stars,https://www.amazon.com/gp/slredirect/picassoRedirect.html/ref=pa_sp_atf_next_aps_sr_pg7_1?ie=UTF8&adId=A08864321X7CS6G6FUTVA&url=%2FWonderful-Wizard-Oz-Frank-Baum%2Fdp%2F1949982521%2Fref%3Dsr_1_291_sspa%3Fkeywords%3Dgraphic%2Bnovel%2Bbooks%26qid%3D1639629620%26sr%3D8-291-spons%26psc%3D1&qualifier=1639629620&id=2918568066578506&widgetName=sp_atf_next
The Basketball Game Is On !: The Skyhawks vs The Lizards (Sports Action Kids Books),$12.99,5.0 out of 5 stars,https://www.amazon.com/gp/slredirect/picassoRedirect.html/ref=pa_sp_atf_next_aps_sr_pg7_1?ie=UTF8&adId=A0489665Z0KE4SX0J36I&url=%2FBasketball-Game-Skyhawks-Lizards-Sports%2Fdp%2F1777174198%2Fref%3Dsr_1_292_sspa%3Fkeywords%3Dgraphic%2Bnovel%2Bbooks%26qid%3D1639629620%26sr%3D8-292-spons%26psc%3D1&qualifier=1639629620&id=2918568066578506&widgetName=sp_atf_next
"The Lion and the Lamb - A children's chapter book with moral lessons for Ages 3-5 years and above: A Bedtime Picture Story for Kids (Toddlers, Preschoolers, ages 6-8, 8-10 and up )",$0.00,4.0 out of 5 stars,https://www.amazon.com/Lion-Lamb-childrens-Toddlers-Preschoolers-ebook/dp/B09NCLY62P/ref=sr_1_293?keywords=graphic+novel+books&qid=1639629620&sr=8-293
Berlin,$25.49,4.8 out of 5 stars,https://www.amazon.com/Berlin-Jason-Lutes/dp/1770464069/ref=sr_1_294?keywords=graphic+novel+books&qid=1639629620&sr=8-294
White Bird: A Wonder Story (A Graphic Novel),$15.99,4.7 out of 5 stars,https://www.amazon.com/White-Bird-R-J-Palacio/dp/0525645535/ref=sr_1_295?keywords=graphic+novel+books&qid=1639629620&sr=8-295
Spider-Man: Life Story,$25.49,4.8 out of 5 stars,https://www.amazon.com/Spider-Man-Life-Story-Chip-Zdarsky/dp/1302931911/ref=sr_1_296?keywords=graphic+novel+books&qid=1639629620&sr=8-296
The Witch Boy: A Graphic Novel (The Witch Boy Trilogy #1),$10.55,4.8 out of 5 stars,https://www.amazon.com/Witch-Boy-Molly-Knox-Ostertag/dp/133808951X/ref=sr_1_297?keywords=graphic+novel+books&qid=1639629620&sr=8-297
Young Justice Book Two: Growing Up,$18.99,5.0 out of 5 stars,https://www.amazon.com/Young-Justice-Book-Two-Growing/dp/1779509243/ref=sr_1_298?keywords=graphic+novel+books&qid=1639629620&sr=8-298
"Alex Rider The Graphic Novel Collection 6 Books Box Set by Anthony Horowitz (Stormbreaker, Point Blanc, Skeleton Key, Eagle Strike, Scorpia & Ark Angel)",$54.99,4.7 out of 5 stars,https://www.amazon.com/Graphic-Collection-Horowitz-Stormbreaker-Skeleton/dp/1406398837/ref=sr_1_299?keywords=graphic+novel+books&qid=1639629620&sr=8-299
The Jungle Book,$0.45,4.6 out of 5 stars,https://www.amazon.com/Jungle-Book-Rudyard-Kipling-ebook/dp/B08772LFZ8/ref=sr_1_300?keywords=graphic+novel+books&qid=1639629620&sr=8-300
Romeo and Juliet (No Fear Shakespeare Graphic Novels) (Volume 3) (No Fear Shakespeare Illustrated),$10.49,4.5 out of 5 stars,https://www.amazon.com/Juliet-Shakespeare-Graphic-Novels-Illustrated/dp/1411479890/ref=sr_1_301?keywords=graphic+novel+books&qid=1639629620&sr=8-301
Through the Moon: A Graphic Novel (The Dragon Prince Graphic Novel #1) (The Dragon Prince Graphic Novels),$9.52,4.8 out of 5 stars,https://www.amazon.com/Through-Dragon-Prince-Graphic-Novel/dp/1338608819/ref=sr_1_302?keywords=graphic+novel+books&qid=1639629620&sr=8-302
El Deafo,$11.28,4.8 out of 5 stars,https://www.amazon.com/El-Deafo-Cece-Bell/dp/1419712179/ref=sr_1_303?keywords=graphic+novel+books&qid=1639629620&sr=8-303
Mummies in the Morning Graphic Novel (Magic Tree House (R)),$9.99,,https://www.amazon.com/Mummies-Morning-Graphic-Novel-Magic/dp/0593174798/ref=sr_1_304?keywords=graphic+novel+books&qid=1639629620&sr=8-304
Diary of a 6th Grade Ninja,$8.99,4.7 out of 5 stars,https://www.amazon.com/Diary-Grade-Ninja-Marcus-Emerson/dp/1493527487/ref=sr_1_305?keywords=graphic+novel+books&qid=1639629620&sr=8-305
Real Pigeons Fight Crime (Book 1),$9.45,4.7 out of 5 stars,https://www.amazon.com/Real-Pigeons-Fight-Crime-Book/dp/0593119428/ref=sr_1_306?keywords=graphic+novel+books&qid=1639629620&sr=8-306
Dracula,$3.99,4.6 out of 5 stars,https://www.amazon.com/Dracula-Bram-Stoker-ebook/dp/B09DL63893/ref=sr_1_307?keywords=graphic+novel+books&qid=1639629620&sr=8-307
Teenage Mutant Ninja Turtles: The Last Ronin,$26.99,4.8 out of 5 stars,https://www.amazon.com/Teenage-Mutant-Ninja-Turtles-Ronin/dp/1684058414/ref=sr_1_308?keywords=graphic+novel+books&qid=1639629620&sr=8-308
"Olympians: Dionysos: The New God (Olympians, 12)",$12.99,,https://www.amazon.com/Olympians-Dionysos-New-God-12/dp/1626725314/ref=sr_1_309?keywords=graphic+novel+books&qid=1639629620&sr=8-309
Evil Thing,$0.00,4.8 out of 5 stars,https://www.amazon.com/Evil-Thing/dp/B09HVBRFNG/ref=sr_1_310?keywords=graphic+novel+books&qid=1639629620&sr=8-310
"And So Much More: A Children's Book Nurturing Strength, Kindness, Gratitude & Creativity",$16.59,4.6 out of 5 stars,https://www.amazon.com/gp/slredirect/picassoRedirect.html/ref=pa_sp_mtf_aps_sr_pg7_1?ie=UTF8&adId=A05386952V593EO3Z4O19&url=%2FMuch-More-Childrens-Nurturing-Creativity%2Fdp%2F099146074X%2Fref%3Dsr_1_311_sspa%3Fkeywords%3Dgraphic%2Bnovel%2Bbooks%26qid%3D1639629620%26sr%3D8-311-spons%26psc%3D1&qualifier=1639629620&id=2918568066578506&widgetName=sp_mtf
"How to Draw Anime (Includes Anime, Manga and Chibi) Part 1 Drawing Anime Faces",$16.95,4.7 out of 5 stars,https://www.amazon.com/gp/slredirect/picassoRedirect.html/ref=pa_sp_mtf_aps_sr_pg7_1?ie=UTF8&adId=A070755610YHX0I9UJUFS&url=%2FAnime-Manga-Chibi-Drawing-Faces%2Fdp%2F1947215159%2Fref%3Dsr_1_312_sspa%3Fkeywords%3Dgraphic%2Bnovel%2Bbooks%26qid%3D1639629620%26sr%3D8-312-spons%26psc%3D1&qualifier=1639629620&id=2918568066578506&widgetName=sp_mtf
Star Wars: The Force Awakens Graphic Novel Adaptation (Star Wars Movie Adaptations),$9.99,4.7 out of 5 stars,https://www.amazon.com/gp/slredirect/picassoRedirect.html/ref=pa_sp_mtf_aps_sr_pg7_1?ie=UTF8&adId=A092755915E3U2WNUTV9K&url=%2FStar-Wars-Awakens-Adaptation-Adaptations%2Fdp%2F1684052106%2Fref%3Dsr_1_313_sspa%3Fkeywords%3Dgraphic%2Bnovel%2Bbooks%26qid%3D1639629620%26sr%3D8-313-spons%26psc%3D1&qualifier=1639629620&id=2918568066578506&widgetName=sp_mtf
Our Lady of Guadalupe: The Graphic Novel,$24.95,5.0 out of 5 stars,https://www.amazon.com/gp/slredirect/picassoRedirect.html/ref=pa_sp_btf_aps_sr_pg7_1?ie=UTF8&adId=A065353639499CI60R4J4&url=%2FOur-Lady-Guadalupe-Graphic-Novel%2Fdp%2F1505113318%2Fref%3Dsr_1_314_sspa%3Fkeywords%3Dgraphic%2Bnovel%2Bbooks%26qid%3D1639629620%26sr%3D8-314-spons%26psc%3D1&qualifier=1639629620&id=2918568066578506&widgetName=sp_btf
The Morning Tribe: A Graphic Novel,$14.99,5.0 out of 5 stars,https://www.amazon.com/gp/slredirect/picassoRedirect.html/ref=pa_sp_btf_aps_sr_pg7_1?ie=UTF8&adId=A06937991EN1FBK36T96J&url=%2FMorning-Tribe-Graphic-Novel%2Fdp%2F1510766197%2Fref%3Dsr_1_315_sspa%3Fkeywords%3Dgraphic%2Bnovel%2Bbooks%26qid%3D1639629620%26sr%3D8-315-spons%26psc%3D1&qualifier=1639629620&id=2918568066578506&widgetName=sp_btf
